[19Oct2024 01:22:04.266] [main/INFO] [cpw.mods.modlauncher.Launcher/MODLAUNCHER]: ModLauncher running: args [--launchTarget, forgeserver, --fml.forgeVersion, 47.3.11, --fml.mcVersion, 1.20.1, --fml.forgeGroup, net.minecraftforge, --fml.mcpVersion, 20230612.114412]
[19Oct2024 01:22:04.287] [main/INFO] [cpw.mods.modlauncher.Launcher/MODLAUNCHER]: ModLauncher 10.0.9+10.0.9+main.dcd20f30 starting: java version 17.0.2 by Oracle Corporation; OS Linux arch amd64 version 5.15.153.1-microsoft-standard-WSL2
[19Oct2024 01:22:22.356] [main/INFO] [net.minecraftforge.fml.loading.ImmediateWindowHandler/]: ImmediateWindowProvider not loading because launch target is forgeserver
[19Oct2024 01:22:22.367] [main/INFO] [com.teampotato.redirector.Redirector/]: Redirector CoreMod initialized successfully!
[19Oct2024 01:22:22.373] [main/INFO] [mixin-transmog/]: Mixin Transmogrifier is definitely up to no good...
[19Oct2024 01:22:22.434] [main/INFO] [mixin-transmog/]: crimes against java were committed
[19Oct2024 01:22:22.464] [main/INFO] [mixin-transmog/]: Original mixin transformation service successfully crobbed by mixin-transmogrifier!
[19Oct2024 01:22:22.519] [main/INFO] [mixin/]: SpongePowered MIXIN Subsystem Version=0.8.5 Source=union:/mcserver/mods/Connector-1.0.0-beta.46+1.20.1.jar%23385%23389!/ Service=ModLauncher Env=SERVER
[19Oct2024 01:22:25.679] [main/WARN] [net.minecraftforge.fml.loading.moddiscovery.ModFileParser/LOADING]: Mod file /mcserver/libraries/net/minecraftforge/fmlcore/1.20.1-47.3.11/fmlcore-1.20.1-47.3.11.jar is missing mods.toml file
[19Oct2024 01:22:25.695] [main/WARN] [net.minecraftforge.fml.loading.moddiscovery.ModFileParser/LOADING]: Mod file /mcserver/libraries/net/minecraftforge/javafmllanguage/1.20.1-47.3.11/javafmllanguage-1.20.1-47.3.11.jar is missing mods.toml file
[19Oct2024 01:22:25.710] [main/WARN] [net.minecraftforge.fml.loading.moddiscovery.ModFileParser/LOADING]: Mod file /mcserver/libraries/net/minecraftforge/lowcodelanguage/1.20.1-47.3.11/lowcodelanguage-1.20.1-47.3.11.jar is missing mods.toml file
[19Oct2024 01:22:25.724] [main/WARN] [net.minecraftforge.fml.loading.moddiscovery.ModFileParser/LOADING]: Mod file /mcserver/libraries/net/minecraftforge/mclanguage/1.20.1-47.3.11/mclanguage-1.20.1-47.3.11.jar is missing mods.toml file
[19Oct2024 01:22:27.608] [main/WARN] [net.minecraftforge.jarjar.selection.JarSelector/]: Attempted to select two dependency jars from JarJar which have the same identification: Mod File:  and Mod File: . Using Mod File: 
[19Oct2024 01:22:27.611] [main/WARN] [net.minecraftforge.jarjar.selection.JarSelector/]: Attempted to select a dependency jar for JarJar which was passed in as source: cloth_config. Using Mod File: /mcserver/mods/cloth-config-11.1.136-forge.jar
[19Oct2024 01:22:27.611] [main/INFO] [net.minecraftforge.fml.loading.moddiscovery.JarInJarDependencyLocator/]: Found 50 dependencies adding them to mods collection
[19Oct2024 01:22:37.343] [main/INFO] [org.sinytra.connector.locator.DependencyResolver/]: Dependency resolution found 0 candidates to load
[19Oct2024 01:23:04.853] [main/INFO] [org.sinytra.connector.service.hacks.ModuleLayerMigrator/]: Successfully made module authlib transformable
[19Oct2024 01:23:15.412] [main/INFO] [mixin/]: Compatibility level set to JAVA_17
[19Oct2024 01:23:16.954] [main/INFO] [cpw.mods.modlauncher.LaunchServiceHandler/MODLAUNCHER]: Launching target 'forgeserver' with arguments []
[19Oct2024 01:23:16.993] [main/WARN] [mixin/]: Reference map 'createdeco-forge-refmap.json' for createdeco.mixins.json could not be read. If this is a development environment you can ignore this message
[19Oct2024 01:23:17.220] [main/INFO] [ModernFix/]: Loaded configuration file for ModernFix 5.19.4+mc1.20.1: 84 options available, 0 override(s) found
[19Oct2024 01:23:17.221] [main/INFO] [ModernFix/]: Applying Nashorn fix
[19Oct2024 01:23:17.253] [main/INFO] [ModernFix/]: Applied Forge config corruption patch
[19Oct2024 01:23:17.359] [main/WARN] [mixin/]: Reference map 'createmoredrillheads.refmap.json' for createmoredrillheads.mixins.json could not be read. If this is a development environment you can ignore this message
[19Oct2024 01:23:17.392] [main/WARN] [mixin/]: Reference map 'yungsextras.refmap.json' for yungsextras.mixins.json could not be read. If this is a development environment you can ignore this message
[19Oct2024 01:23:17.397] [main/WARN] [mixin/]: Reference map 'yungsextras.refmap.json' for yungsextras_forge.mixins.json could not be read. If this is a development environment you can ignore this message
[19Oct2024 01:23:17.492] [main/WARN] [mixin/]: Reference map 'graveyard-FORGE-forge-refmap.json' for graveyard-forge.mixins.json could not be read. If this is a development environment you can ignore this message
[19Oct2024 01:23:17.510] [main/WARN] [mixin/]: Reference map 'EpheroLib-refmap.json' for epherolib.mixins.json could not be read. If this is a development environment you can ignore this message
[19Oct2024 01:23:17.613] [main/INFO] [com.teampotato.redirector.Redirector/]: Redirecting com/illusivesoulworks/polymorph/common/integration/PolymorphIntegrations$Mod
[19Oct2024 01:23:17.622] [main/INFO] [com.teampotato.redirector.Redirector/]: Redirecting com/illusivesoulworks/polymorph/common/integration/PolymorphIntegrations$Loader
[19Oct2024 01:23:17.654] [main/INFO] [com.teampotato.redirector.Redirector/]: Redirecting fuzs/puzzleslib/api/core/v1/ModLoader
[19Oct2024 01:23:17.680] [main/INFO] [Puzzles Lib/]: Loading 299 mods:
	- adpother 8.1.23.0
	- ae2 15.2.13
	- ae2wtlib 15.2.3-forge
	- aiotbotania 1.20.1-4.0.5
	- alexscaves 1.1.5
	- alexsdelight 1.5
	- alexsmobs 1.22.9
	- apotheosis 7.4.3
	- apothiccurios 1.0.3d
	- apple_cows 1.0.0
	- appleskin 2.5.1+mc1.20.1
	- architectury 9.2.14
	- armorplus 1.20.1-20.0.2
	- artifacts 9.5.13
		\-- expandability 9.0.4
	- astikorcarts 1.1.8
	- attributefix 21.0.4
	- attributeslib 1.3.7
	- balm 7.3.9
		\-- kuma_api 20.1.8
	- bellsandwhistles 0.4.3-1.20.x
	- betterdungeons 1.20-Forge-4.0.4
	- betterendisland 1.20-Forge-2.0.6
	- betterfortresses 1.20-Forge-2.0.6
	- betterfpsdist 1.20.1-6.0
	- bettermineshafts 1.20-Forge-4.0.4
	- betteroceanmonuments 1.20-Forge-3.0.4
	- biomancy 2.8.13.1
	- biome_cows_ 1.0.0
	- biomeswevegone 1.3.1
	- blueprint 7.1.0
	- bonsaitrees3 3.3.2
	- bookshelf 20.2.13
	- born_in_chaos_v1 1.0.0
	- botania 1.20.1-446-FORGE
	- botanypots 13.0.39
	- botanypotstiers 6.0.1
	- botanytrees 9.0.17
	- botarium 2.3.4
	- brewery 2.0.3
	- bucketlib 1.20.1-2.3.5.1
	- butchersdelight 1.20.12.1.0
	- butchersdelightfoods 1.20.11.0.3
	- buzzier_bees 6.0.0
	- cagedmobs 1.20.1-2.0.5
	- carryon 2.1.2.7
	- cave_dweller 1.6.4
	- cb_multipart 3.3.0.146
		|-- cb_microblock 3.3.0.146
		\-- cb_multipart_minecraft 3.3.0.146
	- cerbons_api 1.1.0
	- chickenchunks 2.10.0.100
	- chillout 1.0.0
	- citadel 2.6.0
	- cloth_config 11.1.136
	- clumps 12.0.0.4
	- codechickenlib 4.4.0.516
	- cofh_core 11.0.2
	- collectorsreap 1.3.2
	- connectivity 1.20.1-5.6
	- connectormod 1.0.0-beta.46+1.20.1
	- controlling 12.0.2
	- corgilib 4.0.3.2
	- corn_delight 1.0.4-1.20.1
	- cp_tweaks 1.0.21
	- crabbersdelight 1.1.7b
	- create 0.5.1.i
		\-- flywheel 0.6.11-13
	- create_compressed 1.0.1
	- create_confectionery 1.1.0
	- create_connected 0.9.1-mc1.20.1
	- create_factory 0.4b-1.20.1
	- create_ironworks 2.6.0
	- create_jetpack 4.3.2
		\-- flightlib 2.1.0
	- create_mechanical_extruder 1.20.1-1.6.2.h-48
	- create_militarized_ 1.0.0
	- create_new_age 1.1.2
	- create_sa 2.0.4.
	- create_sabers 1.3.0
	- create_things_and_misc 1.0.0
	- create_tweaked_controllers 1.20.1-1.2.4
	- create_wt 1.0.7
	- createaddition 1.20.1-1.2.4e
	- createappliedkinetics 1.4.0-1.20.1
	- createbigcannons 5.5.1+mc.1.20.1-forge
		\-- ritchiesprojectilelib 2.0.0-dev+mc.1.20.1-forge-build.182
	- createcafe 1.2.4-1.20.1
	- createchunkloading 1.6.0
	- createdeco 2.0.2-1.20.1-forge
	- createdieselgenerators 1.20.1-1.2i
	- creategoggles 0.5.5.g
	- createliquidfuel 2.1.1-1.20.1
	- createloveandwar 0.2-1.20.1
	- createmoredrillheads 2.0.3-1.20.1
	- createoreexcavation 1.5.2
	- createteleporters 2.2
	- createutilities 0.3.0+1.20.1
	- creating_space_gravity_addon 1.0.0
	- creatingspace 1.20.1_1.7.7
	- creativecore 2.12.17
	- cristellib 1.1.5
	- croptopia 3.0.4
	- cucumber 7.0.12
	- cuisinedelight 1.1.15
		\-- mixinextras 0.2.0-beta.8
	- culturaldelights 0.16.1
	- cupboard 1.20.1-2.7
	- curios 5.10.0+1.20.1
	- cyclic 1.12.14
	- cyclopscore 1.19.5
	- darkutils 17.0.5
	- deeperdarker 1.3.2
	- delightful 3.6
	- doapi 1.2.15
		\-- terraform 7.0.1
	- dungeons_arise 2.1.58-1.20.x
	- easy_npc 5.6.0
	- easy_villagers 1.20.1-1.1.23
	- elevatorid 1.20.1-lex-1.9
	- enchdesc 17.1.18
	- enderio 6.2.1-beta
	- endermanoverhaul 1.0.4
	- endersdelight 1.0.3
	- ends_delight 2.4
	- enhancedai 2.5.2
	- enhancedcelestials 1.20.1-5.0.1.0
	- enhancedvisuals 1.8.1
	- ensorcellation 5.0.2
	- epherolib 0.1.2
	- estrogen 4.2.10+1.20.1-forge
		|-- baubly 1.0.1
		\-- jukeboxfix 1.0.0+1.20.1
	- everlastingabilities 2.1.2
	- extendedgears 2.1.1-1.20.1-0.5.1.f-forge
	- fallingtree 4.3.4
	- farm_and_charm 1.0.3
	- farmers_structures 1.0.0
	- farmersdelight 1.20.1-1.2.4
	- farmingforblockheads 14.0.2
	- fastbench 8.0.4
	- fastfurnace 8.0.2
	- fastleafdecay 32
	- ferritecore 6.0.1
	- flansmod 0.4
	- flib 0.0.14
	- forge 47.3.11
	- forgeendertech 11.1.4.0
	- fpsreducer 1.20-2.5
	- framework 0.7.8
	- friendsandfoes 3.0.3
	- ftbbackups2 1.0.23
	- ftbessentials 2001.2.2
	- ftblibrary 2001.2.4
	- ftbquests 2001.4.8
	- ftbteams 2001.3.0
	- fusion 1.1.1
	- fuze_relics 1.0.9
	- geckolib 4.4.9
	- ghast_aircraft 1.0.0
	- glitchcore 0.0.1.1
	- golems 20.1.0.2
	- gpumemleakfix 1.20.1-1.8
	- graveyard 3.1
	- horde_hoard 1.1.0
	- immersive_armors 1.6.1+1.20.1
	- immersive_cooking 2.0.1
	- immersive_melodies 0.3.0+1.20.1
	- immersive_weathering 1.20.1-2.0.3
	- industrialforegoing 3.5.19
	- insanelib 1.15.0
	- interiors 0.5.6
	- iron_ender_chests 1.20-1.0.3
	- iron_fishing_rods 1.0.0
	- ironchest 1.20.1-14.4.4
	- ironfurnaces 4.1.6
	- ironjetpacks 7.0.6
	- ironshulkerbox 1.20.1-5.3.2
	- itemproductionlib 1.0.2a
	- jade 11.12.1+forge
	- jadeaddons 5.3.1+forge
	- jeed 1.20-2.2.2
	- jeg 0.7.0
	- jei 15.20.0.104
	- jeresources 1.4.0.247
	- jerintegration 5.5.0
	- journeymap 5.10.3
	- justenoughbreeding 1.4.0
	- justenoughprofessions 3.0.1
	- kazfraprimecore 1.2
	- kotlinforforge 4.11.0
	- libnonymous 2.3.1
	- majruszlibrary 7.0.8
	- majruszsaccessories 1.5.3
	- majruszsdifficulty 1.9.10
	- majruszsenchantments 1.10.8
	- mca 7.5.19+1.20.1
	- medieval_buildings 1.0.2
	- mffs 5.1.9
	- minecraft 1.20.1
	- miners_delight 1.20.1-1.2.3
	- modernfix 5.19.4+mc1.20.1
	- moonlight 1.20-2.13.7
	- moredelight 24.09.27-1.20-forge
	- mousetweaks 2.25.1
	- mr_farmers_cuttingohthebiomeswevegone 1.0.0
	- much_more_skeletons 1.0.3
	- mutil 6.1.1
	- mysterious_mountain_lib 1.4.7-1.20.1
	- mysticaladaptations 1.20.1-1.0.1
	- mysticalagradditions 7.0.4
	- mysticalagriculture 7.0.14
	- mysticalcustomization 5.0.2
	- naturalist 4.0.3
	- nethersdelight 1.20.1-4.0
	- oceansdelight 1.0.2-1.20
	- octolib 0.4.2
	- offhandcombat 2.0.0
	- ohthetreesyoullgrow 1.20.1-1.3.1
	- oreberriesreplanted 0.5.2
	- orecow 1.8.0.0.2
	- otbwgdelight 1.0.2.1-1.20.1
	- outer_end 1.0.8
	- overloadedarmorbar 1.20.1-1
	- pamhc2crops 1.0.3
	- paraglider 20.1.3
	- passiveskilltreeadditions 1.1.1
	- patchouli 1.20.1-84-FORGE
	- philipsruins 4.6
	- piglet_structures 1.445
	- pigpen 15.0.2
	- pillagers_gun 2.0.0
	- placebo 8.6.2
	- playeranimator 1.0.2-rc1+1.20
	- pollutionofcreate 1.20.1-0.0.2
	- polyeng 0.1.1-1.20.1
	- polylib 2000.0.3-build.143
	- polymorph 0.49.5+1.20.1
		\-- spectrelib 0.13.15+1.20.1
	- productivebees 1.20.1-12.6.0
		\-- productivelib 1.20.1-0.0.4
	- projectred_core 4.20.0-beta+5
	- projectred_integration 4.20.0-beta+5
	- puzzleslib 8.1.24
		\-- puzzlesaccessapi 8.0.7
	- quark 4.0-460
	- quarkdelight 1.0.0
	- queen_bee 3.1.4
	- railcraft 1.1.7
	- railways 1.6.6+forge-mc1.20.1
	- rats 1.20.1-8.1.2
	- refurbished_furniture 1.0.6
	- relics 0.8.0.7
	- resourcechickens 2.6beta1
	- resourcefulconfig 2.1.2
	- resourcefullib 2.1.29
	- runelic 18.0.2
	- scalinghealth 8.0.2+9
	- searchables 1.0.3
	- securitycraft 1.9.11
	- sereneseasons 9.1.0.0
	- silentlib 8.0.0
	- simplecorelib 1.20.1-6.0.1.2
	- simpleores 1.20.1-6.0.0.3
	- skilltree 0.6.14a
	- sliceanddice 3.3.0
	- smarterfarmers 1.20-2.1.0
	- solcarrot 1.15.1
	- sons_of_sins 2.1.6
	- sophisticatedbackpacks 3.20.11.1115
	- sophisticatedcore 0.6.34.718
	- spartanshields 3.1.1
	- spartansimpleores 2.2.0
	- spartantoolkit 1.5.1
	- spartantwilight 3.1.0
	- spartanweaponry 3.1.3
	- storagedelight 24.09.11-1.20-forge
	- supplementaries 1.20-2.8.17
		\-- mixinsquared 0.1.1
	- t_and_t 0.0NONE
	- takesapillage 1.0.3
	- terrablender 3.0.1.7
	- tetra 6.4.0
	- tetranomicon 1.5.3-1.20.1
	- tetrasdelight 1.20.1-1
	- tfmg 0.9.2-1.20.1
	- thedragonlib 1.20.1-1.0.0
	- thinair 8.1.5
	- titanium 3.8.32
	- twilightdelight 2.0.13
		\-- l2library 2.4.16
	- twilightforest 4.3.2508
	- valkyrielib 1.20.1-4.0.4.0
	- valkyrienrelogs 0.1.3-forge
	- valkyrienskies 2.3.0-beta.5
	- villagersplus 3.1
	- vinery 1.4.28
	- vs_clockwork 1.20.1-0.1.16-forge-b3b22e39fe
	- vs_eureka 1.5.1-beta.3
	- yungsapi 1.20-Forge-4.0.6
	- yungsextras 1.20-Forge-4.0.3
	- zeta 1.0-24
[19Oct2024 01:23:17.722] [main/INFO] [com.teampotato.redirector.Redirector/]: Redirecting com/llamalad7/mixinextras/service/MixinExtrasVersion
[19Oct2024 01:23:17.804] [main/WARN] [mixin/]: Reference map 'cristellib-forge-refmap.json' for cristellib.mixins.json could not be read. If this is a development environment you can ignore this message
[19Oct2024 01:23:17.824] [main/WARN] [mixin/]: Reference map 'naturalist-forge-forge-refmap.json' for naturalist.mixins.json could not be read. If this is a development environment you can ignore this message
[19Oct2024 01:23:17.855] [main/WARN] [mixin/]: Reference map 'eureka-1201-forge-refmap.json' for vs_eureka.mixins.json could not be read. If this is a development environment you can ignore this message
[19Oct2024 01:23:17.971] [main/INFO] [fpsreducer/]: OptiFine was NOT detected.
[19Oct2024 01:23:17.976] [main/INFO] [fpsreducer/]: OptiFabric was NOT detected.
[19Oct2024 01:23:18.023] [main/WARN] [mixin/]: Reference map 'cuisinedelight.refmap.json' for cuisinedelight.mixins.json could not be read. If this is a development environment you can ignore this message
[19Oct2024 01:23:18.044] [main/WARN] [mixin/]: Reference map 'CerbonsAPI-Forge-1.20.1-forge-refmap.json' for cerbons_api.mixins.json could not be read. If this is a development environment you can ignore this message
[19Oct2024 01:23:18.064] [main/WARN] [mixin/]: Reference map 'CreateLiquidFuel.refmap.json' for createliquidfuel.mixins.json could not be read. If this is a development environment you can ignore this message
[19Oct2024 01:23:18.202] [main/WARN] [mixin/]: Reference map 'createmechanicalextruder.refmap.json' for create_mechanical_extruder.mixins.json could not be read. If this is a development environment you can ignore this message
[19Oct2024 01:23:18.254] [main/WARN] [mixin/]: Reference map 'tfmg.refmap.json' for tfmg.mixins.json could not be read. If this is a development environment you can ignore this message
[19Oct2024 01:23:18.333] [main/WARN] [mixin/]: Reference map 'createappliedkinetics.refmap.json' for createappliedkinetics.mixins.json could not be read. If this is a development environment you can ignore this message
[19Oct2024 01:23:18.432] [main/INFO] [com.teampotato.redirector.Redirector/]: Redirecting malte0811/ferritecore/mixin/config/FerriteMixinConfig$LithiumSupportState
[19Oct2024 01:23:18.532] [main/WARN] [mixin/]: Reference map '' for adapter.init.mixins.json could not be read. If this is a development environment you can ignore this message
[19Oct2024 01:23:19.423] [main/INFO] [net.minecraftforge.coremod.CoreMod.apotheosis/COREMODLOG]: Replaced 2 calls to Enchantment#getMaxLevel() in net/minecraft/world/inventory/AnvilMenu
[19Oct2024 01:23:19.459] [main/INFO] [net.minecraftforge.coremod.CoreMod.placebo/COREMODLOG]: Patching IForgeItemStack#getEnchantmentLevel
[19Oct2024 01:23:19.472] [main/INFO] [net.minecraftforge.coremod.CoreMod.placebo/COREMODLOG]: Patching IForgeItemStack#getEnchantmentLevel
[19Oct2024 01:23:19.491] [main/INFO] [net.minecraftforge.coremod.CoreMod.placebo/COREMODLOG]: Patching IForgeItemStack#getEnchantmentLevel
[19Oct2024 01:23:19.494] [main/INFO] [net.minecraftforge.coremod.CoreMod.placebo/COREMODLOG]: Patching IForgeItemStack#getEnchantmentLevel
[19Oct2024 01:23:19.519] [main/WARN] [mixin/]: Error loading class: com/hollingsworth/arsnouveau/common/items/SpellCrossbow (java.lang.ClassNotFoundException: com.hollingsworth.arsnouveau.common.items.SpellCrossbow)
[19Oct2024 01:23:20.416] [main/WARN] [mixin/]: Error loading class: dev/latvian/mods/kubejs/recipe/RecipesEventJS (java.lang.ClassNotFoundException: dev.latvian.mods.kubejs.recipe.RecipesEventJS)
[19Oct2024 01:23:20.417] [main/WARN] [mixin/]: @Mixin target dev.latvian.mods.kubejs.recipe.RecipesEventJS was not found sliceanddice.mixins.json:RecipeEventJSMixin from mod sliceanddice
[19Oct2024 01:23:20.516] [main/INFO] [net.minecraftforge.coremod.CoreMod.apotheosis/COREMODLOG]: Patching FishingHook#catchingFish
[19Oct2024 01:23:20.560] [main/WARN] [mixin/]: Error loading class: com/teammetallurgy/aquaculture/entity/AquaFishingBobberEntity (java.lang.ClassNotFoundException: com.teammetallurgy.aquaculture.entity.AquaFishingBobberEntity)
[19Oct2024 01:23:20.706] [main/WARN] [mixin/]: Error loading class: xfacthd/framedblocks/common/blockentity/doubled/FramedAdjustableDoubleBlockEntity (java.lang.ClassNotFoundException: xfacthd.framedblocks.common.blockentity.doubled.FramedAdjustableDoubleBlockEntity)
[19Oct2024 01:23:20.707] [main/WARN] [mixin/]: @Mixin target xfacthd.framedblocks.common.blockentity.doubled.FramedAdjustableDoubleBlockEntity was not found createbigcannons.mixins.json:compat.FramedAdjustableDoubleBlockEntityAccessor from mod createbigcannons
[19Oct2024 01:23:20.875] [main/WARN] [mixin/]: Error loading class: tfar/davespotioneering/blockentity/AdvancedBrewingStandBlockEntity (java.lang.ClassNotFoundException: tfar.davespotioneering.blockentity.AdvancedBrewingStandBlockEntity)
[19Oct2024 01:23:20.876] [main/WARN] [mixin/]: @Mixin target tfar.davespotioneering.blockentity.AdvancedBrewingStandBlockEntity was not found itemproductionlib.mixins.json:davespotioneering/AdvancedBrewingStandBlockEntityMixin from mod itemproductionlib
[19Oct2024 01:23:20.890] [main/WARN] [mixin/]: Error loading class: fuzs/visualworkbench/world/inventory/ModCraftingMenu (java.lang.ClassNotFoundException: fuzs.visualworkbench.world.inventory.ModCraftingMenu)
[19Oct2024 01:23:20.891] [main/WARN] [mixin/]: @Mixin target fuzs.visualworkbench.world.inventory.ModCraftingMenu was not found itemproductionlib.mixins.json:visualworkbench/ModCraftingMenuMixin from mod itemproductionlib
[19Oct2024 01:23:21.030] [main/INFO] [com.teampotato.redirector.Redirector/]: Redirecting org/valkyrienskies/mod/compat/VSRenderer
[19Oct2024 01:23:21.584] [main/WARN] [mixin/]: Error loading class: com/jamieswhiteshirt/reachentityattributes/ReachEntityAttributes (java.lang.ClassNotFoundException: com.jamieswhiteshirt.reachentityattributes.ReachEntityAttributes)
[19Oct2024 01:23:21.658] [main/WARN] [mixin/]: Error loading class: blusunrize/immersiveengineering/common/gui/BlockEntityInventory (java.lang.ClassNotFoundException: blusunrize.immersiveengineering.common.gui.BlockEntityInventory)
[19Oct2024 01:23:21.669] [main/WARN] [mixin/]: Error loading class: net/dries007/tfc/world/TFCChunkGenerator (java.lang.ClassNotFoundException: net.dries007.tfc.world.TFCChunkGenerator)
[19Oct2024 01:23:21.677] [main/WARN] [mixin/]: Error loading class: cofh/core/block/entity/TileCoFH (java.lang.ClassNotFoundException: cofh.core.block.entity.TileCoFH)
[19Oct2024 01:23:21.686] [main/WARN] [mixin/]: Error loading class: li/cil/tis3d/common/entity/InfraredPacketEntity (java.lang.ClassNotFoundException: li.cil.tis3d.common.entity.InfraredPacketEntity)
[19Oct2024 01:23:21.694] [main/WARN] [mixin/]: Error loading class: me/desht/modularrouters/container/RouterMenu (java.lang.ClassNotFoundException: me.desht.modularrouters.container.RouterMenu)
[19Oct2024 01:23:21.925] [main/ERROR] [net.minecraftforge.fml.loading.RuntimeDistCleaner/DISTXFORM]: Attempted to load class net/minecraft/client/multiplayer/MultiPlayerGameMode for invalid dist DEDICATED_SERVER
[19Oct2024 01:23:21.927] [main/WARN] [mixin/]: Error loading class: net/minecraft/client/multiplayer/MultiPlayerGameMode (java.lang.RuntimeException: Attempted to load class net/minecraft/client/multiplayer/MultiPlayerGameMode for invalid dist DEDICATED_SERVER)
[19Oct2024 01:23:21.928] [main/WARN] [mixin/]: @Mixin target net.minecraft.client.multiplayer.MultiPlayerGameMode was not found mixins.cofhcore.json:MultiPlayerGameModeMixin from mod cofh_core
[19Oct2024 01:23:22.066] [main/ERROR] [net.minecraftforge.fml.loading.RuntimeDistCleaner/DISTXFORM]: Attempted to load class net/minecraft/client/gui/screens/Screen for invalid dist DEDICATED_SERVER
[19Oct2024 01:23:22.067] [main/WARN] [mixin/]: Error loading class: net/minecraft/client/gui/screens/Screen (java.lang.RuntimeException: Attempted to load class net/minecraft/client/gui/screens/Screen for invalid dist DEDICATED_SERVER)
[19Oct2024 01:23:22.068] [main/WARN] [mixin/]: @Mixin target net.minecraft.client.gui.screens.Screen was not found relics.mixins.json:ScreenMixin from mod relics
[19Oct2024 01:23:22.115] [main/INFO] [com.teampotato.redirector.Redirector/]: Redirecting com/railwayteam/railways/compat/Mods
[19Oct2024 01:23:22.302] [main/INFO] [net.minecraftforge.coremod.CoreMod.apotheosis/COREMODLOG]: Replaced 2 calls to Enchantment#getMaxLevel() in net/minecraft/world/item/CreativeModeTabs
[19Oct2024 01:23:22.435] [main/WARN] [mixin/]: Error loading class: com/mcwwindows/kikoz/objects/WindowBarred (java.lang.ClassNotFoundException: com.mcwwindows.kikoz.objects.WindowBarred)
[19Oct2024 01:23:22.467] [main/WARN] [mixin/]: Error loading class: com/copycatsplus/copycats/content/copycat/slab/CopycatSlabBlock (java.lang.ClassNotFoundException: com.copycatsplus.copycats.content.copycat.slab.CopycatSlabBlock)
[19Oct2024 01:23:22.467] [main/WARN] [mixin/]: @Mixin target com.copycatsplus.copycats.content.copycat.slab.CopycatSlabBlock was not found create_connected.mixins.json:compat.CopycatBlockMixin from mod create_connected
[19Oct2024 01:23:22.473] [main/WARN] [mixin/]: Error loading class: com/copycatsplus/copycats/content/copycat/board/CopycatBoardBlock (java.lang.ClassNotFoundException: com.copycatsplus.copycats.content.copycat.board.CopycatBoardBlock)
[19Oct2024 01:23:22.474] [main/WARN] [mixin/]: @Mixin target com.copycatsplus.copycats.content.copycat.board.CopycatBoardBlock was not found create_connected.mixins.json:compat.CopycatBlockMixin from mod create_connected
[19Oct2024 01:23:22.484] [main/WARN] [mixin/]: Error loading class: me/jellysquid/mods/lithium/common/ai/pathing/PathNodeDefaults (java.lang.ClassNotFoundException: me.jellysquid.mods.lithium.common.ai.pathing.PathNodeDefaults)
[19Oct2024 01:23:22.510] [main/ERROR] [net.minecraftforge.fml.loading.RuntimeDistCleaner/DISTXFORM]: Attempted to load class com/simibubi/create/foundation/gui/AbstractSimiScreen for invalid dist DEDICATED_SERVER
[19Oct2024 01:23:22.510] [main/WARN] [mixin/]: Error loading class: com/simibubi/create/foundation/gui/AbstractSimiScreen (java.lang.RuntimeException: Attempted to load class com/simibubi/create/foundation/gui/AbstractSimiScreen for invalid dist DEDICATED_SERVER)
[19Oct2024 01:23:22.511] [main/WARN] [mixin/]: @Mixin target com.simibubi.create.foundation.gui.AbstractSimiScreen was not found create_connected.mixins.json:sequencedgearshift.AbstractSimiScreenAccessor from mod create_connected
[19Oct2024 01:23:22.679] [main/WARN] [mixin/]: Error loading class: net/minecraft/client/renderer/entity/PhantomRenderer (java.lang.ClassNotFoundException: net.minecraft.client.renderer.entity.PhantomRenderer)
[19Oct2024 01:23:22.680] [main/WARN] [mixin/]: @Mixin target net.minecraft.client.renderer.entity.PhantomRenderer was not found mixins.deeperdarker.json:PhantomRendererMixin from mod deeperdarker
[19Oct2024 01:23:24.256] [main/INFO] [net.minecraftforge.coremod.CoreMod.apotheosis/COREMODLOG]: Replaced 1 calls to Enchantment#getMaxLevel() in net/minecraft/world/level/storage/loot/functions/EnchantRandomlyFunction
[19Oct2024 01:23:24.258] [main/INFO] [net.minecraftforge.coremod.CoreMod.apotheosis/COREMODLOG]: Replaced 1 calls to Enchantment#isDiscoverable() in net/minecraft/world/level/storage/loot/functions/EnchantRandomlyFunction
[19Oct2024 01:23:24.502] [main/WARN] [mixin/]: Error loading class: fuzs/easymagic/world/inventory/ModEnchantmentMenu (java.lang.ClassNotFoundException: fuzs.easymagic.world.inventory.ModEnchantmentMenu)
[19Oct2024 01:23:24.503] [main/WARN] [mixin/]: @Mixin target fuzs.easymagic.world.inventory.ModEnchantmentMenu was not found skilltree.mixins.json:easymagic/ModEnchantmentMenuMixin from mod skilltree
[19Oct2024 01:23:24.686] [main/INFO] [net.minecraftforge.coremod.CoreMod.apotheosis/COREMODLOG]: Replaced 1 calls to Enchantment#getMaxLevel() in net/minecraft/world/entity/npc/VillagerTrades$EnchantBookForEmeralds
[19Oct2024 01:23:24.689] [main/INFO] [net.minecraftforge.coremod.CoreMod.apotheosis/COREMODLOG]: Replaced 1 calls to Enchantment#isTreasureOnly() in net/minecraft/world/entity/npc/VillagerTrades$EnchantBookForEmeralds
[19Oct2024 01:23:24.691] [main/INFO] [net.minecraftforge.coremod.CoreMod.apotheosis/COREMODLOG]: Replaced 1 calls to Enchantment#isTradeable() in net/minecraft/world/entity/npc/VillagerTrades$EnchantBookForEmeralds
[19Oct2024 01:23:24.814] [main/WARN] [mixin/]: Error loading class: noobanidus/mods/lootr/config/ConfigManager (java.lang.ClassNotFoundException: noobanidus.mods.lootr.config.ConfigManager)
[19Oct2024 01:23:25.044] [main/WARN] [mixin/]: Error loading class: vazkii/quark/addons/oddities/inventory/BackpackMenu (java.lang.ClassNotFoundException: vazkii.quark.addons.oddities.inventory.BackpackMenu)
[19Oct2024 01:23:25.047] [main/WARN] [mixin/]: Error loading class: net/minecraft/client/gui/screens/inventory/CraftingScreen (java.lang.ClassNotFoundException: net.minecraft.client.gui.screens.inventory.CraftingScreen)
[19Oct2024 01:23:25.048] [main/WARN] [mixin/]: @Mixin target net.minecraft.client.gui.screens.inventory.CraftingScreen was not found fastbench.mixins.json:MixinCraftingScreen from mod fastbench
[19Oct2024 01:23:25.598] [main/WARN] [mixin/]: Error loading class: net/minecraft/client/particle/SimpleAnimatedParticle (java.lang.ClassNotFoundException: net.minecraft.client.particle.SimpleAnimatedParticle)
[19Oct2024 01:23:25.809] [main/WARN] [mixin/]: Error loading class: net/minecraft/client/renderer/blockentity/BlockEntityRendererProvider$Context (java.lang.ClassNotFoundException: net.minecraft.client.renderer.blockentity.BlockEntityRendererProvider$Context)
[19Oct2024 01:23:25.819] [main/WARN] [mixin/]: Error loading class: net/minecraft/client/renderer/blockentity/BlockEntityRendererProvider$Context (java.lang.ClassNotFoundException: net.minecraft.client.renderer.blockentity.BlockEntityRendererProvider$Context)
[19Oct2024 01:23:26.161] [main/INFO] [MixinExtras|Service/]: Initializing MixinExtras via com.llamalad7.mixinextras.service.MixinExtrasServiceImpl(version=0.3.6).
[19Oct2024 01:23:27.147] [main/INFO] [com.teampotato.redirector.Redirector/]: Redirecting net/minecraft/util/Unit
[19Oct2024 01:23:27.201] [main/INFO] [com.teampotato.redirector.Redirector/]: Redirecting net/minecraft/ChatFormatting
[19Oct2024 01:23:28.255] [main/INFO] [net.minecraft.server.Bootstrap/]: ModernFix reached bootstrap stage (1.592 min after launch)
[19Oct2024 01:23:28.413] [main/INFO] [com.teampotato.redirector.Redirector/]: Redirecting net/minecraft/Util$IdentityStrategy
[19Oct2024 01:23:28.440] [main/INFO] [com.teampotato.redirector.Redirector/]: Redirecting net/minecraft/core/Holder$Reference$Type
[19Oct2024 01:23:28.494] [main/WARN] [mixin/]: @Final field delegatesByName:Ljava/util/Map; in modernfix-forge.mixins.json:perf.forge_registry_alloc.ForgeRegistryMixin from mod modernfix should be final
[19Oct2024 01:23:28.495] [main/WARN] [mixin/]: @Final field delegatesByValue:Ljava/util/Map; in modernfix-forge.mixins.json:perf.forge_registry_alloc.ForgeRegistryMixin from mod modernfix should be final
[19Oct2024 01:23:31.941] [main/INFO] [net.minecraftforge.coremod.CoreMod.apotheosis/COREMODLOG]: Replaced 2 calls to Enchantment#getMaxLevel() in net/minecraft/world/item/CreativeModeTabs
[19Oct2024 01:23:32.044] [main/INFO] [com.teampotato.redirector.Redirector/]: Redirecting net/minecraft/core/Direction
[19Oct2024 01:23:32.053] [main/INFO] [com.teampotato.redirector.Redirector/]: Redirecting net/minecraft/core/Direction$AxisDirection
[19Oct2024 01:23:32.057] [main/INFO] [com.teampotato.redirector.Redirector/]: Redirecting net/minecraft/core/Direction$Axis
[19Oct2024 01:23:32.270] [main/INFO] [com.teampotato.redirector.Redirector/]: Redirecting net/minecraft/core/Direction$Plane
[19Oct2024 01:23:32.277] [main/INFO] [com.teampotato.redirector.Redirector/]: Redirecting net/minecraft/core/FrontAndTop
[19Oct2024 01:23:32.290] [main/INFO] [com.teampotato.redirector.Redirector/]: Redirecting net/minecraft/world/level/block/state/properties/AttachFace
[19Oct2024 01:23:32.294] [main/INFO] [com.teampotato.redirector.Redirector/]: Redirecting net/minecraft/world/level/block/state/properties/BellAttachType
[19Oct2024 01:23:32.297] [main/INFO] [com.teampotato.redirector.Redirector/]: Redirecting net/minecraft/world/level/block/state/properties/WallSide
[19Oct2024 01:23:32.302] [main/INFO] [com.teampotato.redirector.Redirector/]: Redirecting net/minecraft/world/level/block/state/properties/RedstoneSide
[19Oct2024 01:23:32.306] [main/INFO] [com.teampotato.redirector.Redirector/]: Redirecting net/minecraft/world/level/block/state/properties/DoubleBlockHalf
[19Oct2024 01:23:32.311] [main/INFO] [com.teampotato.redirector.Redirector/]: Redirecting net/minecraft/world/level/block/state/properties/Half
[19Oct2024 01:23:32.314] [main/INFO] [com.teampotato.redirector.Redirector/]: Redirecting net/minecraft/world/level/block/state/properties/RailShape
[19Oct2024 01:23:32.327] [main/INFO] [com.teampotato.redirector.Redirector/]: Redirecting net/minecraft/world/level/block/state/properties/BedPart
[19Oct2024 01:23:32.331] [main/INFO] [com.teampotato.redirector.Redirector/]: Redirecting net/minecraft/world/level/block/state/properties/ChestType
[19Oct2024 01:23:32.334] [main/INFO] [com.teampotato.redirector.Redirector/]: Redirecting net/minecraft/world/level/block/state/properties/ComparatorMode
[19Oct2024 01:23:32.361] [main/INFO] [com.teampotato.redirector.Redirector/]: Redirecting net/minecraft/world/level/block/state/properties/DoorHingeSide
[19Oct2024 01:23:32.369] [main/INFO] [com.teampotato.redirector.Redirector/]: Redirecting net/minecraft/world/level/block/state/properties/NoteBlockInstrument
[19Oct2024 01:23:32.541] [main/INFO] [com.teampotato.redirector.Redirector/]: Redirecting net/minecraft/world/level/block/state/properties/NoteBlockInstrument$Type
[19Oct2024 01:23:32.546] [main/INFO] [com.teampotato.redirector.Redirector/]: Redirecting net/minecraft/world/level/block/state/properties/PistonType
[19Oct2024 01:23:32.549] [main/INFO] [com.teampotato.redirector.Redirector/]: Redirecting net/minecraft/world/level/block/state/properties/SlabType
[19Oct2024 01:23:32.553] [main/INFO] [com.teampotato.redirector.Redirector/]: Redirecting net/minecraft/world/level/block/state/properties/StairsShape
[19Oct2024 01:23:32.557] [main/INFO] [com.teampotato.redirector.Redirector/]: Redirecting net/minecraft/world/level/block/state/properties/StructureMode
[19Oct2024 01:23:32.563] [main/INFO] [com.teampotato.redirector.Redirector/]: Redirecting net/minecraft/world/level/block/state/properties/BambooLeaves
[19Oct2024 01:23:32.567] [main/INFO] [com.teampotato.redirector.Redirector/]: Redirecting net/minecraft/world/level/block/state/properties/Tilt
[19Oct2024 01:23:32.572] [main/INFO] [com.teampotato.redirector.Redirector/]: Redirecting net/minecraft/world/level/block/state/properties/DripstoneThickness
[19Oct2024 01:23:32.577] [main/INFO] [com.teampotato.redirector.Redirector/]: Redirecting net/minecraft/world/level/block/state/properties/SculkSensorPhase
[19Oct2024 01:23:33.504] [main/INFO] [net.minecraftforge.coremod.CoreMod.apotheosis/COREMODLOG]: Replaced 1 calls to Enchantment#getMaxLevel() in org/violetmoon/quark/content/experimental/module/GameNerfsModule
[19Oct2024 01:23:35.278] [main/INFO] [com.teampotato.redirector.Redirector/]: Redirecting net/minecraft/world/level/material/PushReaction
[19Oct2024 01:23:35.609] [main/INFO] [com.teampotato.redirector.Redirector/]: Redirecting com/ordana/immersive_weathering/util/Weatherable$WeatheringState
[19Oct2024 01:23:35.627] [main/INFO] [com.teampotato.redirector.Redirector/]: Redirecting com/ordana/immersive_weathering/blocks/mossy/Mossable$MossLevel
[19Oct2024 01:23:35.648] [main/INFO] [com.teampotato.redirector.Redirector/]: Redirecting net/minecraft/world/level/block/state/BlockBehaviour$OffsetType
[19Oct2024 01:23:35.654] [main/INFO] [com.teampotato.redirector.Redirector/]: Redirecting net/minecraft/world/level/pathfinder/PathComputationType
[19Oct2024 01:23:35.795] [main/INFO] [net.minecraft.server.Bootstrap/]: Vanilla bootstrap took 7521 milliseconds
[19Oct2024 01:23:36.096] [main/INFO] [com.teampotato.redirector.Redirector/]: Redirecting net/minecraftforge/network/NetworkDirection
[19Oct2024 01:23:36.369] [main/INFO] [com.teampotato.redirector.Redirector/]: Redirecting net/minecraft/world/item/DyeColor
[19Oct2024 01:23:36.379] [main/INFO] [com.teampotato.redirector.Redirector/]: Redirecting net/minecraft/util/ByIdMap$OutOfBoundsStrategy
[19Oct2024 01:23:36.808] [main/INFO] [com.teampotato.redirector.Redirector/]: Redirecting net/minecraft/world/effect/MobEffectCategory
[19Oct2024 01:23:36.832] [main/INFO] [com.teampotato.redirector.Redirector/]: Redirecting net/minecraft/world/entity/ai/attributes/AttributeModifier$Operation
[19Oct2024 01:23:36.956] [main/INFO] [com.teampotato.redirector.Redirector/]: Redirecting com/ordana/immersive_weathering/blocks/cracked/Crackable$CrackLevel
[19Oct2024 01:23:37.455] [main/WARN] [mixin/]: @Redirect conflict. Skipping securitycraft.mixins.json:camera.ServerPlayerMixin from mod securitycraft->@Redirect::securitycraft$tick(Lnet/minecraft/server/level/ServerPlayer;DDDFF)V with priority 1100, already redirected by railways-common.mixins.json:conductor_possession.ServerPlayerMixin from mod railways->@Redirect::railways$securitycraft$tick(Lnet/minecraft/server/level/ServerPlayer;DDDFF)V with priority 1200
[19Oct2024 01:23:37.626] [main/INFO] [net.minecraftforge.coremod.CoreMod.apotheosis/COREMODLOG]: Replaced 5 calls to Enchantment#getMaxLevel() in org/violetmoon/quark/content/tools/module/AncientTomesModule
[19Oct2024 01:23:37.731] [main/INFO] [net.minecraftforge.coremod.CoreMod.placebo/COREMODLOG]: Patching IForgeItemStack#getEnchantmentLevel
[19Oct2024 01:23:37.734] [main/INFO] [net.minecraftforge.coremod.CoreMod.placebo/COREMODLOG]: Patching IForgeItemStack#getEnchantmentLevel
[19Oct2024 01:23:37.777] [main/INFO] [com.teampotato.redirector.Redirector/]: Redirecting net/minecraft/world/level/block/PressurePlateBlock$Sensitivity
[19Oct2024 01:23:37.782] [main/INFO] [com.teampotato.redirector.Redirector/]: Redirecting com/ordana/immersive_weathering/blocks/rusty/Rustable$RustLevel
[19Oct2024 01:23:37.987] [main/WARN] [mixin/]: Method overwrite conflict for getMobSpawnType in takesapillage.mixins.json:MobRememberSpawnReasonMixin from mod takesapillage, previously written by com.majruszlibrary.mixin.MixinMob. Skipping method.
[19Oct2024 01:23:38.146] [main/INFO] [com.teampotato.redirector.Redirector/]: Redirecting net/minecraft/world/level/block/MultifaceSpreader$SpreadType
[19Oct2024 01:23:38.226] [main/INFO] [com.teampotato.redirector.Redirector/]: Redirecting net/minecraft/world/InteractionHand
[19Oct2024 01:23:38.229] [main/INFO] [com.teampotato.redirector.Redirector/]: Redirecting net/minecraft/world/InteractionResult
[19Oct2024 01:23:38.235] [main/INFO] [com.teampotato.redirector.Redirector/]: Redirecting net/minecraft/world/level/biome/Biome$Precipitation
[19Oct2024 01:23:38.378] [main/INFO] [com.teampotato.redirector.Redirector/]: Redirecting net/minecraft/world/level/block/SkullBlock$Types
[19Oct2024 01:23:38.439] [main/INFO] [net.minecraftforge.coremod.CoreMod.apotheosis/COREMODLOG]: Replaced 2 calls to Enchantment#getMaxLevel() in net/minecraft/world/inventory/AnvilMenu
[19Oct2024 01:23:39.671] [main/INFO] [com.teampotato.redirector.Redirector/]: Redirecting net/minecraft/world/level/block/WeatheringCopper$WeatherState
[19Oct2024 01:23:43.547] [main/INFO] [com.teampotato.redirector.Redirector/]: Redirecting net/minecraft/world/item/Rarity
[19Oct2024 01:23:43.802] [main/INFO] [com.teampotato.redirector.Redirector/]: Redirecting net/minecraft/world/entity/vehicle/AbstractMinecart$Type
[19Oct2024 01:23:44.182] [main/INFO] [com.teampotato.redirector.Redirector/]: Redirecting net/minecraft/world/entity/MobCategory
[19Oct2024 01:23:45.665] [main/INFO] [com.teampotato.redirector.Redirector/]: Redirecting net/minecraft/world/entity/ai/goal/Goal$Flag
[19Oct2024 01:23:46.662] [main/INFO] [com.teampotato.redirector.Redirector/]: Redirecting net/minecraft/world/entity/Pose
[19Oct2024 01:23:46.666] [main/INFO] [com.teampotato.redirector.Redirector/]: Redirecting net/minecraft/world/entity/animal/sniffer/Sniffer$State
[19Oct2024 01:23:46.774] [main/WARN] [mixin/]: Method overwrite conflict for scheduleRandomTick in corgilib-common.mixins.json:chunk.MixinChunkAccess from mod corgilib, previously written by dev.corgitaco.ohthetreesyoullgrow.mixin.chunk.MixinChunkAccess. Skipping method.
[19Oct2024 01:23:46.775] [main/WARN] [mixin/]: Method overwrite conflict for getScheduledRandomTicks in corgilib-common.mixins.json:chunk.MixinChunkAccess from mod corgilib, previously written by dev.corgitaco.ohthetreesyoullgrow.mixin.chunk.MixinChunkAccess. Skipping method.
[19Oct2024 01:23:46.806] [main/WARN] [mixin/]: @Inject(@At("INVOKE_ASSIGN")) Shift.BY=2 on refurbished_furniture.common.mixins.json:LevelChunkMixin from mod refurbished_furniture::handler$coe000$refurbished_furniture$refurbishedFurniture$AfterRemoveBlockEntity exceeds the maximum allowed value: 0. Increase the value of maxShiftBy to suppress this warning.
[19Oct2024 01:23:47.160] [main/INFO] [net.minecraftforge.coremod.CoreMod.apotheosis/COREMODLOG]: Patching FishingHook#catchingFish
[19Oct2024 01:23:47.174] [main/INFO] [com.teampotato.redirector.Redirector/]: Redirecting net/minecraft/world/item/ArmorItem$Type
[19Oct2024 01:23:47.177] [main/INFO] [com.teampotato.redirector.Redirector/]: Redirecting net/minecraft/world/entity/EquipmentSlot
[19Oct2024 01:23:47.179] [main/INFO] [com.teampotato.redirector.Redirector/]: Redirecting net/minecraft/world/entity/EquipmentSlot$Type
[19Oct2024 01:23:47.186] [main/INFO] [com.teampotato.redirector.Redirector/]: Redirecting net/minecraft/world/entity/vehicle/Boat$Type
[19Oct2024 01:23:47.190] [main/INFO] [com.teampotato.redirector.Redirector/]: Redirecting net/minecraft/world/item/ArmorMaterials
[19Oct2024 01:23:47.232] [main/INFO] [com.teampotato.redirector.Redirector/]: Redirecting net/minecraft/world/item/Tiers
[19Oct2024 01:23:47.366] [main/INFO] [com.teampotato.redirector.Redirector/]: Redirecting net/minecraft/network/protocol/game/ClientboundPlayerInfoUpdatePacket$Action
[19Oct2024 01:23:47.569] [main/INFO] [com.teampotato.redirector.Redirector/]: Redirecting net/minecraft/world/item/enchantment/Enchantment$Rarity
[19Oct2024 01:23:47.571] [main/INFO] [com.teampotato.redirector.Redirector/]: Redirecting net/minecraft/world/item/enchantment/ProtectionEnchantment$Type
[19Oct2024 01:23:47.573] [main/INFO] [com.teampotato.redirector.Redirector/]: Redirecting net/minecraft/world/item/enchantment/EnchantmentCategory
[19Oct2024 01:23:47.689] [main/INFO] [com.teampotato.redirector.Redirector/]: Redirecting net/minecraft/world/scores/criteria/ObjectiveCriteria$RenderType
[19Oct2024 01:23:47.696] [main/INFO] [com.teampotato.redirector.Redirector/]: Redirecting net/minecraft/world/level/levelgen/Heightmap$Types
[19Oct2024 01:23:47.707] [main/INFO] [com.teampotato.redirector.Redirector/]: Redirecting net/minecraft/world/level/levelgen/Heightmap$Usage
[19Oct2024 01:23:47.732] [main/INFO] [com.teampotato.redirector.Redirector/]: Redirecting net/minecraft/world/level/chunk/ChunkStatus$ChunkType
[19Oct2024 01:23:47.907] [main/INFO] [com.teampotato.redirector.Redirector/]: Redirecting net/minecraft/world/item/crafting/CraftingBookCategory
[19Oct2024 01:23:47.955] [main/INFO] [com.teampotato.redirector.Redirector/]: Redirecting net/minecraft/world/item/crafting/CookingBookCategory
[19Oct2024 01:23:48.160] [main/INFO] [net.minecraftforge.coremod.CoreMod.apotheosis/COREMODLOG]: Replaced 1 calls to Enchantment#getMaxLevel() in net/minecraft/world/level/storage/loot/functions/EnchantRandomlyFunction
[19Oct2024 01:23:48.161] [main/INFO] [net.minecraftforge.coremod.CoreMod.apotheosis/COREMODLOG]: Replaced 1 calls to Enchantment#isDiscoverable() in net/minecraft/world/level/storage/loot/functions/EnchantRandomlyFunction
[19Oct2024 01:23:48.376] [main/INFO] [com.teampotato.redirector.Redirector/]: Redirecting net/minecraft/core/Holder$Kind
[19Oct2024 01:23:48.615] [main/INFO] [com.teampotato.redirector.Redirector/]: Redirecting net/minecraft/world/level/levelgen/placement/CaveSurface
[19Oct2024 01:23:48.838] [main/INFO] [com.teampotato.redirector.Redirector/]: Redirecting net/minecraft/world/level/levelgen/structure/placement/StructurePlacement$FrequencyReductionMethod
[19Oct2024 01:23:48.927] [main/INFO] [com.teampotato.redirector.Redirector/]: Redirecting net/minecraft/world/level/levelgen/structure/placement/RandomSpreadType
[19Oct2024 01:23:49.848] [main/INFO] [com.teampotato.redirector.Redirector/]: Redirecting net/minecraft/world/level/levelgen/structure/StructureSpawnOverride$BoundingBoxType
[19Oct2024 01:23:49.860] [main/INFO] [com.teampotato.redirector.Redirector/]: Redirecting net/minecraft/world/level/levelgen/GenerationStep$Decoration
[19Oct2024 01:23:49.863] [main/INFO] [com.teampotato.redirector.Redirector/]: Redirecting net/minecraft/world/level/levelgen/structure/TerrainAdjustment
[19Oct2024 01:23:49.898] [main/INFO] [com.teampotato.redirector.Redirector/]: Redirecting net/minecraft/world/level/levelgen/structure/structures/MineshaftStructure$Type
[19Oct2024 01:23:49.908] [main/INFO] [com.teampotato.redirector.Redirector/]: Redirecting net/minecraft/world/level/levelgen/structure/structures/OceanRuinStructure$Type
[19Oct2024 01:23:49.913] [main/INFO] [com.teampotato.redirector.Redirector/]: Redirecting net/minecraft/world/level/levelgen/structure/structures/RuinedPortalPiece$VerticalPlacement
[19Oct2024 01:23:49.960] [main/INFO] [com.teampotato.redirector.Redirector/]: Redirecting net/minecraft/world/level/levelgen/GenerationStep$Carving
[19Oct2024 01:23:50.032] [main/WARN] [mixin/]: Static binding violation: PRIVATE @Overwrite method m_47505_ in modernfix-common.mixins.json:perf.remove_biome_temperature_cache.BiomeMixin from mod modernfix cannot reduce visibiliy of PUBLIC target method, visibility will be upgraded.
[19Oct2024 01:23:50.051] [main/INFO] [com.teampotato.redirector.Redirector/]: Redirecting net/minecraft/world/level/biome/Biome$TemperatureModifier
[19Oct2024 01:23:50.057] [main/INFO] [com.teampotato.redirector.Redirector/]: Redirecting net/minecraft/world/level/biome/BiomeSpecialEffects$GrassColorModifier
[19Oct2024 01:23:50.251] [main/INFO] [com.teampotato.redirector.Redirector/]: Redirecting net/minecraft/world/level/levelgen/SurfaceRules$Temperature
[19Oct2024 01:23:50.253] [main/INFO] [com.teampotato.redirector.Redirector/]: Redirecting net/minecraft/world/level/levelgen/SurfaceRules$Steep
[19Oct2024 01:23:50.256] [main/INFO] [com.teampotato.redirector.Redirector/]: Redirecting net/minecraft/world/level/levelgen/SurfaceRules$Hole
[19Oct2024 01:23:50.258] [main/INFO] [com.teampotato.redirector.Redirector/]: Redirecting net/minecraft/world/level/levelgen/SurfaceRules$AbovePreliminarySurface
[19Oct2024 01:23:50.260] [main/INFO] [com.teampotato.redirector.Redirector/]: Redirecting net/minecraft/world/level/levelgen/SurfaceRules$Bandlands
[19Oct2024 01:23:50.270] [main/INFO] [com.teampotato.redirector.Redirector/]: Redirecting net/minecraft/world/level/levelgen/DensityFunctions$BlendAlpha
[19Oct2024 01:23:50.272] [main/INFO] [com.teampotato.redirector.Redirector/]: Redirecting net/minecraft/world/level/levelgen/DensityFunctions$BlendOffset
[19Oct2024 01:23:50.273] [main/INFO] [com.teampotato.redirector.Redirector/]: Redirecting net/minecraft/world/level/levelgen/DensityFunctions$BeardifierMarker
[19Oct2024 01:23:50.279] [main/INFO] [com.teampotato.redirector.Redirector/]: Redirecting net/minecraft/world/level/levelgen/DensityFunctions$Marker$Type
[19Oct2024 01:23:50.313] [main/INFO] [com.teampotato.redirector.Redirector/]: Redirecting net/minecraft/world/level/levelgen/DensityFunctions$WeirdScaledSampler$RarityValueMapper
[19Oct2024 01:23:50.336] [main/INFO] [com.teampotato.redirector.Redirector/]: Redirecting net/minecraft/world/level/levelgen/DensityFunctions$Mapped$Type
[19Oct2024 01:23:50.342] [main/INFO] [com.teampotato.redirector.Redirector/]: Redirecting net/minecraft/world/level/levelgen/DensityFunctions$TwoArgumentSimpleFunction$Type
[19Oct2024 01:23:50.372] [main/INFO] [com.teampotato.redirector.Redirector/]: Redirecting net/minecraft/world/level/levelgen/structure/pools/StructureTemplatePool$Projection
[19Oct2024 01:23:50.391] [main/INFO] [com.teampotato.redirector.Redirector/]: Redirecting net/minecraft/world/item/CreativeModeTab$Row
[19Oct2024 01:23:50.397] [main/INFO] [com.teampotato.redirector.Redirector/]: Redirecting net/minecraft/world/item/CreativeModeTab$Type
[19Oct2024 01:23:50.468] [main/INFO] [com.teampotato.redirector.Redirector/]: Redirecting appeng/api/config/TerminalStyle
[19Oct2024 01:23:50.469] [main/INFO] [com.teampotato.redirector.Redirector/]: Redirecting appeng/api/config/PowerUnits
[19Oct2024 01:23:50.471] [main/INFO] [com.teampotato.redirector.Redirector/]: Redirecting appeng/api/networking/pathing/ChannelMode
[19Oct2024 01:23:50.506] [main/INFO] [com.teampotato.redirector.Redirector/]: Redirecting appeng/core/settings/TickRates
[19Oct2024 01:23:50.521] [main/INFO] [com.teampotato.redirector.Redirector/]: Redirecting appeng/api/config/PowerMultiplier
[19Oct2024 01:23:50.523] [main/INFO] [com.teampotato.redirector.Redirector/]: Redirecting appeng/api/config/CondenserOutput
[19Oct2024 01:23:50.541] [main/INFO] [com.teampotato.redirector.Redirector/]: Redirecting appeng/api/networking/pathing/ControllerState
[19Oct2024 01:23:50.543] [main/INFO] [com.teampotato.redirector.Redirector/]: Redirecting appeng/me/service/AdHocNetworkError
[19Oct2024 01:23:50.549] [main/INFO] [com.teampotato.redirector.Redirector/]: Redirecting appeng/api/config/Actionable
[19Oct2024 01:23:50.576] [main/INFO] [com.teampotato.redirector.Redirector/]: Redirecting appeng/api/networking/crafting/CalculationStrategy
[19Oct2024 01:23:50.589] [main/INFO] [com.teampotato.redirector.Redirector/]: Redirecting appeng/core/stats/AeStats
[19Oct2024 01:23:50.717] [main/INFO] [com.teampotato.redirector.Redirector/]: Redirecting appeng/api/util/AEColor
[19Oct2024 01:23:50.720] [main/INFO] [com.teampotato.redirector.Redirector/]: Redirecting appeng/items/tools/quartz/QuartzToolType
[19Oct2024 01:23:50.737] [main/INFO] [com.teampotato.redirector.Redirector/]: Redirecting appeng/core/localization/GuiText
[19Oct2024 01:23:50.746] [main/INFO] [com.teampotato.redirector.Redirector/]: Redirecting appeng/items/tools/fluix/FluixToolType
[19Oct2024 01:23:50.766] [main/INFO] [com.teampotato.redirector.Redirector/]: Redirecting appeng/api/config/SortOrder
[19Oct2024 01:23:50.768] [main/INFO] [com.teampotato.redirector.Redirector/]: Redirecting appeng/api/config/ViewItems
[19Oct2024 01:23:50.769] [main/INFO] [com.teampotato.redirector.Redirector/]: Redirecting appeng/api/config/TypeFilter
[19Oct2024 01:23:50.771] [main/INFO] [com.teampotato.redirector.Redirector/]: Redirecting appeng/api/config/SortDir
[19Oct2024 01:23:50.926] [main/INFO] [com.teampotato.redirector.Redirector/]: Redirecting appeng/block/storage/SkyChestBlock$SkyChestType
[19Oct2024 01:23:50.946] [main/INFO] [com.teampotato.redirector.Redirector/]: Redirecting appeng/block/networking/WirelessAccessPointBlock$State
[19Oct2024 01:23:50.971] [main/INFO] [com.teampotato.redirector.Redirector/]: Redirecting appeng/block/networking/ControllerBlock$ControllerBlockState
[19Oct2024 01:23:50.973] [main/INFO] [com.teampotato.redirector.Redirector/]: Redirecting appeng/block/networking/ControllerBlock$ControllerRenderType
[19Oct2024 01:23:51.007] [main/INFO] [com.teampotato.redirector.Redirector/]: Redirecting appeng/block/crafting/CraftingUnitType
[19Oct2024 01:23:51.017] [main/INFO] [com.teampotato.redirector.Redirector/]: Redirecting appeng/block/crafting/PushDirection
[19Oct2024 01:23:51.072] [main/INFO] [com.teampotato.redirector.Redirector/]: Redirecting appeng/api/networking/IGridNodeListener$State
[19Oct2024 01:23:51.074] [main/INFO] [com.teampotato.redirector.Redirector/]: Redirecting appeng/api/util/AECableType
[19Oct2024 01:23:51.077] [main/INFO] [com.teampotato.redirector.Redirector/]: Redirecting appeng/api/parts/BusSupport
[19Oct2024 01:23:51.080] [main/INFO] [com.teampotato.redirector.Redirector/]: Redirecting appeng/util/SettingsFrom
[19Oct2024 01:23:51.104] [main/INFO] [com.teampotato.redirector.Redirector/]: Redirecting appeng/api/config/AccessRestriction
[19Oct2024 01:23:51.106] [main/INFO] [com.teampotato.redirector.Redirector/]: Redirecting appeng/api/config/FuzzyMode
[19Oct2024 01:23:51.107] [main/INFO] [com.teampotato.redirector.Redirector/]: Redirecting appeng/api/config/StorageFilter
[19Oct2024 01:23:51.108] [main/INFO] [com.teampotato.redirector.Redirector/]: Redirecting appeng/api/config/YesNo
[19Oct2024 01:23:51.115] [main/INFO] [com.teampotato.redirector.Redirector/]: Redirecting appeng/parts/storagebus/StorageBusPart$PendingUpdateStatus
[19Oct2024 01:23:51.118] [main/INFO] [com.teampotato.redirector.Redirector/]: Redirecting appeng/api/networking/ticking/TickRateModulation
[19Oct2024 01:23:51.122] [main/INFO] [com.teampotato.redirector.Redirector/]: Redirecting appeng/api/config/RedstoneMode
[19Oct2024 01:23:51.129] [main/INFO] [com.teampotato.redirector.Redirector/]: Redirecting appeng/api/config/SchedulingMode
[19Oct2024 01:23:51.149] [main/INFO] [com.teampotato.redirector.Redirector/]: Redirecting appeng/api/config/IncludeExclude
[19Oct2024 01:23:51.177] [main/INFO] [com.teampotato.redirector.Redirector/]: Redirecting appeng/api/config/ShowPatternProviders
[19Oct2024 01:23:51.187] [main/INFO] [com.teampotato.redirector.Redirector/]: Redirecting appeng/parts/p2p/MEP2PTunnelPart$ConnectionUpdate
[19Oct2024 01:24:51.705] [modloading-worker-0/INFO] [com.teampotato.redirector.Redirector/]: Redirecting net/minecraftforge/event/TickEvent$Phase
[19Oct2024 01:24:51.708] [modloading-worker-0/INFO] [com.teampotato.redirector.Redirector/]: Redirecting net/minecraftforge/event/TickEvent$Type
[19Oct2024 01:24:51.726] [modloading-worker-0/INFO] [com.teampotato.redirector.Redirector/]: Redirecting com/endertech/minecraft/forge/core/AbstractForgeMod$RequiredSide
[19Oct2024 01:24:51.727] [modloading-worker-0/INFO] [com.teampotato.redirector.Redirector/]: Redirecting dev/ftb/mods/ftbessentials/util/FTBEPlayerData$RecordingStatus
[19Oct2024 01:24:51.735] [modloading-worker-0/INFO] [com.teampotato.redirector.Redirector/]: Redirecting dev/architectury/networking/NetworkManager$Side
[19Oct2024 01:24:51.747] [modloading-worker-0/INFO] [com.teampotato.redirector.Redirector/]: Redirecting dev/architectury/utils/Env
[19Oct2024 01:24:51.760] [modloading-worker-0/INFO] [com.teampotato.redirector.Redirector/]: Redirecting com/majruszlibrary/events/base/Priority
[19Oct2024 01:24:51.762] [modloading-worker-0/INFO] [Create Deco/]: Registering items for Create Deco
[19Oct2024 01:24:51.778] [modloading-worker-0/INFO] [com.teampotato.redirector.Redirector/]: Redirecting net/minecraft/commands/Commands$CommandSelection
[19Oct2024 01:24:51.783] [modloading-worker-0/INFO] [com.teampotato.redirector.Redirector/]: Redirecting dev/su5ed/mffs/api/module/Module$Category
[19Oct2024 01:24:51.785] [modloading-worker-0/INFO] [com.teampotato.redirector.Redirector/]: Redirecting net/minecraft/world/level/storage/loot/LootContext$EntityTarget
[19Oct2024 01:24:51.866] [modloading-worker-0/INFO] [com.teampotato.redirector.Redirector/]: Redirecting com/endertech/minecraft/forge/configs/Property$Type
[19Oct2024 01:24:51.883] [modloading-worker-0/INFO] [com.teampotato.redirector.Redirector/]: Redirecting com/simibubi/create/AllTags$AllItemTags
[19Oct2024 01:24:51.886] [modloading-worker-0/INFO] [com.teampotato.redirector.Redirector/]: Redirecting com/simibubi/create/AllTags$NameSpace
[19Oct2024 01:24:51.889] [modloading-worker-0/INFO] [com.teampotato.redirector.Redirector/]: Redirecting com/github/talrey/createdeco/api/CDTags$Material
[19Oct2024 01:24:51.901] [modloading-worker-0/INFO] [com.teampotato.redirector.Redirector/]: Redirecting com/github/talrey/createdeco/api/CDTags$Form
[19Oct2024 01:24:51.950] [modloading-worker-0/INFO] [com.teampotato.redirector.Redirector/]: Redirecting com/endertech/minecraft/forge/math/GameBounds
[19Oct2024 01:24:51.952] [modloading-worker-0/INFO] [villagersplus/]: Registered JSON trade offer adapter.
[19Oct2024 01:24:51.956] [modloading-worker-0/INFO] [Botany Pots Tiers/]: Loading config: /mcserver/config/botanypotstiers-common.toml
[19Oct2024 01:24:51.962] [modloading-worker-0/INFO] [Botany Pots Tiers/]: Built config: /mcserver/config/botanypotstiers-common.toml
[19Oct2024 01:24:51.972] [modloading-worker-0/INFO] [Botany Pots Tiers/]: Loaded config: /mcserver/config/botanypotstiers-common.toml
[19Oct2024 01:24:52.007] [modloading-worker-0/INFO] [com.teampotato.redirector.Redirector/]: Redirecting com/ultramega/botanypotstiers/PotTiers
[19Oct2024 01:24:52.028] [modloading-worker-0/INFO] [Create Deco/]: Registering blocks for Create Deco
[19Oct2024 01:24:52.038] [modloading-worker-0/INFO] [com.teampotato.redirector.Redirector/]: Redirecting com/simibubi/create/AllTags$AllBlockTags
[19Oct2024 01:24:52.045] [modloading-worker-0/INFO] [com.teampotato.redirector.Redirector/]: Redirecting net/minecraft/world/level/pathfinder/BlockPathTypes
[19Oct2024 01:24:52.058] [modloading-worker-0/INFO] [com.teampotato.redirector.Redirector/]: Redirecting net/minecraft/world/item/UseAnim
[19Oct2024 01:24:52.072] [modloading-worker-0/INFO] [com.teampotato.redirector.Redirector/]: Redirecting net/minecraft/world/level/ClipContext$Fluid
[19Oct2024 01:24:52.076] [modloading-worker-0/INFO] [com.teampotato.redirector.Redirector/]: Redirecting dev/su5ed/mffs/blockentity/CoercionDeriverBlockEntity$EnergyMode
[19Oct2024 01:24:52.079] [modloading-worker-0/INFO] [com.teampotato.redirector.Redirector/]: Redirecting net/minecraft/world/inventory/ClickAction
[19Oct2024 01:24:52.084] [modloading-worker-0/INFO] [com.teampotato.redirector.Redirector/]: Redirecting dev/su5ed/mffs/util/TransferMode
[19Oct2024 01:24:52.089] [modloading-worker-0/INFO] [com.teampotato.redirector.Redirector/]: Redirecting net/minecraftforge/event/entity/player/PlayerInteractEvent$LeftClickBlock$Action
[19Oct2024 01:24:52.092] [modloading-worker-0/INFO] [com.teampotato.redirector.Redirector/]: Redirecting dev/su5ed/mffs/api/security/FieldPermission
[19Oct2024 01:24:52.098] [modloading-worker-0/INFO] [com.teampotato.redirector.Redirector/]: Redirecting dev/su5ed/mffs/api/security/InterdictionMatrix$ConfiscationMode
[19Oct2024 01:24:52.100] [modloading-worker-0/INFO] [com.teampotato.redirector.Redirector/]: Redirecting com/possible_triangle/flightlib/api/FlightKey
[19Oct2024 01:24:52.100] [modloading-worker-0/INFO] [com.teampotato.redirector.Redirector/]: Redirecting net/darkhax/bookshelf/api/PhysicalSide
[19Oct2024 01:24:52.107] [modloading-worker-0/INFO] [com.teampotato.redirector.Redirector/]: Redirecting net/darkhax/bookshelf/api/event/IEventHelper$Ordering
[19Oct2024 01:24:52.109] [modloading-worker-0/INFO] [com.teampotato.redirector.Redirector/]: Redirecting dev/su5ed/mffs/render/particle/ParticleColor
[19Oct2024 01:24:52.117] [modloading-worker-0/INFO] [com.teampotato.redirector.Redirector/]: Redirecting dev/su5ed/mffs/network/DrawHologramPacket$Type
[19Oct2024 01:24:52.121] [modloading-worker-0/INFO] [com.teampotato.redirector.Redirector/]: Redirecting com/simibubi/create/foundation/block/connected/AllCTTypes
[19Oct2024 01:24:52.127] [modloading-worker-0/INFO] [create_new_age/]: Hello 1.20.1 Create!
[19Oct2024 01:24:52.182] [modloading-worker-0/INFO] [com.teampotato.redirector.Redirector/]: Redirecting dev/shadowsoffire/placebo/config/Property$Type
[19Oct2024 01:24:52.212] [modloading-worker-0/INFO] [com.teampotato.redirector.Redirector/]: Redirecting net/minecraft/world/level/block/Rotation
[19Oct2024 01:24:52.217] [modloading-worker-0/INFO] [com.teampotato.redirector.Redirector/]: Redirecting com/mojang/math/OctahedralGroup
[19Oct2024 01:24:52.233] [modloading-worker-0/INFO] [com.teampotato.redirector.Redirector/]: Redirecting com/mojang/math/SymmetricGroup3
[19Oct2024 01:24:52.268] [modloading-worker-0/INFO] [com.teampotato.redirector.Redirector/]: Redirecting net/minecraftforge/common/world/BiomeModifier$Phase
[19Oct2024 01:24:52.325] [modloading-worker-0/INFO] [com.teampotato.redirector.Redirector/]: Redirecting net/blay09/mods/balm/api/event/TickPhase
[19Oct2024 01:24:52.335] [modloading-worker-0/INFO] [com.teampotato.redirector.Redirector/]: Redirecting net/blay09/mods/balm/api/event/EventPriority
[19Oct2024 01:24:52.390] [modloading-worker-0/INFO] [com.teampotato.redirector.Redirector/]: Redirecting net/blay09/mods/balm/config/ExampleConfigData$ExampleEnum
[19Oct2024 01:24:52.412] [modloading-worker-0/INFO] [com.teampotato.redirector.Redirector/]: Redirecting com/simibubi/create/foundation/data/recipe/CompatMetals
[19Oct2024 01:24:52.414] [modloading-worker-0/INFO] [com.teampotato.redirector.Redirector/]: Redirecting net/minecraftforge/common/capabilities/CapabilityManager
[19Oct2024 01:24:52.416] [modloading-worker-0/INFO] [com.teampotato.redirector.Redirector/]: Redirecting com/simibubi/create/foundation/data/recipe/Mods
[19Oct2024 01:24:52.468] [modloading-worker-0/INFO] [com.teampotato.redirector.Redirector/]: Redirecting net/minecraft/world/level/Level$ExplosionInteraction
[19Oct2024 01:24:52.508] [modloading-worker-0/INFO] [com.teampotato.redirector.Redirector/]: Redirecting com/hrznstudio/titanium/annotation/plugin/FeaturePlugin$FeaturePluginType
[19Oct2024 01:24:52.518] [modloading-worker-0/INFO] [PluginManager/]: Scanning classes for industrialforegoing
[19Oct2024 01:24:52.531] [modloading-worker-0/INFO] [PluginManager/]: Found FeaturePluginInstance for class PatchouliPlugin for plugin patchouli
[19Oct2024 01:24:52.533] [modloading-worker-0/INFO] [PluginManager/]: Found FeaturePluginInstance for class CuriosPlugin for plugin curios
[19Oct2024 01:24:52.613] [modloading-worker-0/INFO] [com.teampotato.redirector.Redirector/]: Redirecting com/hrznstudio/titanium/plugin/PluginPhase
[19Oct2024 01:24:52.614] [modloading-worker-0/INFO] [PluginManager/]: Constructed class PatchouliPlugin for plugin patchouli for mod industrialforegoing
[19Oct2024 01:24:52.615] [modloading-worker-0/INFO] [PluginManager/]: Constructed class CuriosPlugin for plugin curios for mod industrialforegoing
[19Oct2024 01:24:52.616] [modloading-worker-0/INFO] [PluginManager/]: Executing phase CONSTRUCTION for plugin class PatchouliPlugin
[19Oct2024 01:24:52.620] [modloading-worker-0/INFO] [com.teampotato.redirector.Redirector/]: Redirecting com/hrznstudio/titanium/event/handler/EventManager$Bus
[19Oct2024 01:24:52.644] [modloading-worker-0/INFO] [PluginManager/]: Executing phase CONSTRUCTION for plugin class CuriosPlugin
[19Oct2024 01:24:52.649] [modloading-worker-0/INFO] [com.teampotato.redirector.Redirector/]: Redirecting tictim/paraglider/api/plugin/ConflictResolver$Resolution
[19Oct2024 01:24:52.659] [modloading-worker-0/INFO] [PluginManager/]: Executing phase PRE_INIT for plugin class PatchouliPlugin
[19Oct2024 01:24:52.662] [modloading-worker-0/INFO] [PluginManager/]: Executing phase PRE_INIT for plugin class CuriosPlugin
[19Oct2024 01:24:52.714] [modloading-worker-0/INFO] [com.teampotato.redirector.Redirector/]: Redirecting com/simibubi/create/content/equipment/zapper/PlacementPatterns
[19Oct2024 01:24:52.729] [modloading-worker-0/INFO] [com.teampotato.redirector.Redirector/]: Redirecting com/simibubi/create/content/equipment/zapper/terrainzapper/TerrainBrushes
[19Oct2024 01:24:52.731] [modloading-worker-0/INFO] [com.teampotato.redirector.Redirector/]: Redirecting com/simibubi/create/content/equipment/zapper/terrainzapper/TerrainTools
[19Oct2024 01:24:52.734] [modloading-worker-0/INFO] [com.teampotato.redirector.Redirector/]: Redirecting tictim/paraglider/impl/movement/PlayerStateMapLoader$State$CheckStatus
[19Oct2024 01:24:52.735] [modloading-worker-0/INFO] [com.teampotato.redirector.Redirector/]: Redirecting com/simibubi/create/content/equipment/zapper/terrainzapper/PlacementOptions
[19Oct2024 01:24:52.753] [modloading-worker-0/INFO] [com.teampotato.redirector.Redirector/]: Redirecting net/minecraft/server/packs/PackType
[19Oct2024 01:24:52.762] [modloading-worker-0/INFO] [com.teampotato.redirector.Redirector/]: Redirecting com/forsteri/createmoredrillheads/core/DrillTips
[19Oct2024 01:24:52.939] [modloading-worker-0/INFO] [com.teampotato.redirector.Redirector/]: Redirecting com/jesz/createdieselgenerators/recipes/RecipeRegistry
[19Oct2024 01:24:52.969] [modloading-worker-0/INFO] [com.teampotato.redirector.Redirector/]: Redirecting com/simibubi/create/compat/Mods
[19Oct2024 01:24:53.054] [modloading-worker-0/INFO] [ironfurnaces.IronFurnaces/]: Initializing Update Checker...
[19Oct2024 01:24:53.060] [ Iron Furnaces Update Checker/INFO] [ironfurnaces.IronFurnaces/]: Starting Update Check...
[19Oct2024 01:24:53.207] [modloading-worker-0/INFO] [com.teampotato.redirector.Redirector/]: Redirecting tictim/paraglider/forge/contents/ConfigConditionSerializer
[19Oct2024 01:24:53.217] [modloading-worker-0/INFO] [com.teampotato.redirector.Redirector/]: Redirecting top/theillusivec4/curios/client/CuriosClientConfig$Client$ButtonCorner
[19Oct2024 01:24:53.230] [modloading-worker-0/INFO] [com.teampotato.redirector.Redirector/]: Redirecting top/theillusivec4/curios/common/CuriosConfig$KeepCurios
[19Oct2024 01:24:53.328] [modloading-worker-0/INFO] [com.teampotato.redirector.Redirector/]: Redirecting com/simibubi/create/content/decoration/palettes/AllPaletteStoneTypes
[19Oct2024 01:24:53.356] [modloading-worker-0/INFO] [com.teampotato.redirector.Redirector/]: Redirecting com/simibubi/create/content/decoration/palettes/PaletteBlockPattern$PatternNameType
[19Oct2024 01:24:53.414] [modloading-worker-0/INFO] [com.teampotato.redirector.Redirector/]: Redirecting tictim/paraglider/config/Cfg$TotwCompatConfigOption
[19Oct2024 01:24:53.427] [modloading-worker-0/INFO] [com.teampotato.redirector.Redirector/]: Redirecting net/minecraft/world/level/GameType
[19Oct2024 01:24:53.531] [modloading-worker-0/INFO] [PluginManager/]: Executing phase INIT for plugin class PatchouliPlugin
[19Oct2024 01:24:53.534] [modloading-worker-0/INFO] [PluginManager/]: Executing phase INIT for plugin class CuriosPlugin
[19Oct2024 01:24:53.582] [modloading-worker-0/INFO] [com.teampotato.redirector.Redirector/]: Redirecting net/minecraft/world/level/GameRules$Category
[19Oct2024 01:24:53.715] [modloading-worker-0/INFO] [insane96mcp.insanelib.InsaneLib/]: Found (COMMON) InsaneLib Feature class insane96mcp.enhancedai.modules.witch.WitchFleeTarget
[19Oct2024 01:24:53.729] [modloading-worker-0/INFO] [insane96mcp.insanelib.InsaneLib/]: Found (COMMON) InsaneLib Feature class insane96mcp.enhancedai.modules.witch.throwing.WitchPotionThrowing
[19Oct2024 01:24:53.747] [modloading-worker-0/INFO] [insane96mcp.insanelib.InsaneLib/]: Found (COMMON) InsaneLib Feature class insane96mcp.enhancedai.modules.witch.ThirstyWitches
[19Oct2024 01:24:53.754] [modloading-worker-0/INFO] [insane96mcp.insanelib.InsaneLib/]: Found (COMMON) InsaneLib Feature class insane96mcp.enhancedai.modules.witch.darkart.DarkArtWitch
[19Oct2024 01:24:53.763] [modloading-worker-0/INFO] [insane96mcp.insanelib.InsaneLib/]: Found (COMMON) InsaneLib Feature class insane96mcp.enhancedai.modules.warden.Warden
[19Oct2024 01:24:53.773] [modloading-worker-0/INFO] [insane96mcp.insanelib.InsaneLib/]: Found (COMMON) InsaneLib Feature class insane96mcp.enhancedai.modules.villager.VillagerAttacking
[19Oct2024 01:24:53.786] [modloading-worker-0/INFO] [insane96mcp.insanelib.InsaneLib/]: Found (COMMON) InsaneLib Feature class insane96mcp.enhancedai.modules.spider.webber.ThrowingWeb
[19Oct2024 01:24:53.818] [modloading-worker-0/INFO] [insane96mcp.insanelib.InsaneLib/]: Found (COMMON) InsaneLib Feature class insane96mcp.enhancedai.modules.spider.Misc
[19Oct2024 01:24:53.835] [modloading-worker-0/INFO] [insane96mcp.insanelib.InsaneLib/]: Found (COMMON) InsaneLib Feature class insane96mcp.enhancedai.modules.slime.Slimes
[19Oct2024 01:24:53.841] [modloading-worker-0/INFO] [insane96mcp.insanelib.InsaneLib/]: Found (COMMON) InsaneLib Feature class insane96mcp.enhancedai.modules.skeleton.WitherSkeletons
[19Oct2024 01:24:53.850] [modloading-worker-0/INFO] [insane96mcp.insanelib.InsaneLib/]: Found (COMMON) InsaneLib Feature class insane96mcp.enhancedai.modules.skeleton.SkeletonFleeTarget
[19Oct2024 01:24:53.858] [modloading-worker-0/INFO] [com.teampotato.redirector.Redirector/]: Redirecting fr/rakambda/fallingtree/common/config/enums/BreakMode
[19Oct2024 01:24:53.860] [modloading-worker-0/INFO] [insane96mcp.insanelib.InsaneLib/]: Found (COMMON) InsaneLib Feature class insane96mcp.enhancedai.modules.skeleton.shoot.SkeletonShoot
[19Oct2024 01:24:53.869] [modloading-worker-0/INFO] [com.teampotato.redirector.Redirector/]: Redirecting fr/rakambda/fallingtree/common/config/enums/DetectionMode
[19Oct2024 01:24:53.875] [modloading-worker-0/INFO] [com.teampotato.redirector.Redirector/]: Redirecting fr/rakambda/fallingtree/common/config/enums/MaxSizeAction
[19Oct2024 01:24:53.878] [modloading-worker-0/INFO] [insane96mcp.insanelib.InsaneLib/]: Found (COMMON) InsaneLib Feature class insane96mcp.enhancedai.modules.shulker.ShulkerBullets
[19Oct2024 01:24:53.879] [ Iron Furnaces Update Checker/INFO] [ironfurnaces.IronFurnaces/]: Update Check done!
[19Oct2024 01:24:53.881] [modloading-worker-0/INFO] [com.teampotato.redirector.Redirector/]: Redirecting fr/rakambda/fallingtree/common/config/enums/BreakOrder
[19Oct2024 01:24:53.881] [modloading-worker-0/INFO] [insane96mcp.insanelib.InsaneLib/]: Found (COMMON) InsaneLib Feature class insane96mcp.enhancedai.modules.shulker.shulkerattack.ShulkerAttack
[19Oct2024 01:24:53.881] [ Iron Furnaces Update Checker/INFO] [ironfurnaces.IronFurnaces/]: Iron Furnaces is up to date!
[19Oct2024 01:24:53.891] [modloading-worker-0/INFO] [insane96mcp.insanelib.InsaneLib/]: Found (COMMON) InsaneLib Feature class insane96mcp.enhancedai.modules.shulker.ShulkerArmor
[19Oct2024 01:24:53.892] [modloading-worker-0/INFO] [com.teampotato.redirector.Redirector/]: Redirecting fr/rakambda/fallingtree/common/config/enums/AdjacentStopMode
[19Oct2024 01:24:53.909] [modloading-worker-0/INFO] [insane96mcp.insanelib.InsaneLib/]: Found (COMMON) InsaneLib Feature class insane96mcp.enhancedai.modules.pets.Wolves
[19Oct2024 01:24:53.910] [modloading-worker-0/INFO] [PluginManager/]: Executing phase POST_INIT for plugin class PatchouliPlugin
[19Oct2024 01:24:53.912] [modloading-worker-0/INFO] [PluginManager/]: Executing phase POST_INIT for plugin class CuriosPlugin
[19Oct2024 01:24:53.914] [modloading-worker-0/INFO] [com.teampotato.redirector.Redirector/]: Redirecting fr/rakambda/fallingtree/common/config/enums/DamageRounding
[19Oct2024 01:24:53.916] [modloading-worker-0/INFO] [insane96mcp.insanelib.InsaneLib/]: Found (COMMON) InsaneLib Feature class insane96mcp.enhancedai.modules.pets.snowgolem.SnowGolems
[19Oct2024 01:24:53.920] [modloading-worker-0/INFO] [com.teampotato.redirector.Redirector/]: Redirecting fr/rakambda/fallingtree/common/config/enums/SneakMode
[19Oct2024 01:24:53.921] [modloading-worker-0/INFO] [insane96mcp.insanelib.InsaneLib/]: Found (COMMON) InsaneLib Feature class insane96mcp.enhancedai.modules.pets.IronGolems
[19Oct2024 01:24:53.925] [modloading-worker-0/INFO] [com.teampotato.redirector.Redirector/]: Redirecting fr/rakambda/fallingtree/common/config/enums/NotificationMode
[19Oct2024 01:24:53.928] [modloading-worker-0/INFO] [insane96mcp.insanelib.InsaneLib/]: Found (COMMON) InsaneLib Feature class insane96mcp.enhancedai.modules.mobs.WardenInteractions
[19Oct2024 01:24:53.950] [modloading-worker-0/INFO] [insane96mcp.insanelib.InsaneLib/]: Found (COMMON) InsaneLib Feature class insane96mcp.enhancedai.modules.mobs.targeting.Targeting
[19Oct2024 01:24:53.984] [modloading-worker-0/INFO] [com.teampotato.redirector.Redirector/]: Redirecting insane96mcp/insanelib/data/IdTagMatcher$Type
[19Oct2024 01:24:54.019] [modloading-worker-0/INFO] [insane96mcp.insanelib.InsaneLib/]: Found (COMMON) InsaneLib Feature class insane96mcp.enhancedai.modules.mobs.Spawning
[19Oct2024 01:24:54.022] [modloading-worker-0/INFO] [insane96mcp.insanelib.InsaneLib/]: Found (COMMON) InsaneLib Feature class insane96mcp.enhancedai.modules.mobs.riding.Riding
[19Oct2024 01:24:54.035] [modloading-worker-0/INFO] [insane96mcp.insanelib.InsaneLib/]: Found (COMMON) InsaneLib Feature class insane96mcp.enhancedai.modules.mobs.pearler.PearlerMobs
[19Oct2024 01:24:54.043] [modloading-worker-0/INFO] [com.teampotato.redirector.Redirector/]: Redirecting fr/rakambda/fallingtree/common/wrapper/DirectionCompat
[19Oct2024 01:24:54.051] [modloading-worker-0/INFO] [insane96mcp.insanelib.InsaneLib/]: Found (COMMON) InsaneLib Feature class insane96mcp.enhancedai.modules.mobs.OpenDoors
[19Oct2024 01:24:54.058] [modloading-worker-0/INFO] [insane96mcp.insanelib.InsaneLib/]: Found (COMMON) InsaneLib Feature class insane96mcp.enhancedai.modules.mobs.movement.Movement
[19Oct2024 01:24:54.068] [modloading-worker-0/INFO] [insane96mcp.insanelib.InsaneLib/]: Found (COMMON) InsaneLib Feature class insane96mcp.enhancedai.modules.mobs.miner.MinerMobs
[19Oct2024 01:24:54.087] [modloading-worker-0/INFO] [insane96mcp.insanelib.InsaneLib/]: Found (COMMON) InsaneLib Feature class insane96mcp.enhancedai.modules.mobs.MeleeAttacking
[19Oct2024 01:24:54.092] [modloading-worker-0/INFO] [insane96mcp.insanelib.InsaneLib/]: Found (COMMON) InsaneLib Feature class insane96mcp.enhancedai.modules.mobs.leap.Leap
[19Oct2024 01:24:54.095] [modloading-worker-0/INFO] [com.teampotato.redirector.Redirector/]: Redirecting net/silentchaos512/utils/Anchor
[19Oct2024 01:24:54.108] [modloading-worker-0/INFO] [com.teampotato.redirector.Redirector/]: Redirecting net/silentchaos512/scalinghealth/client/gui/health/HeartIconStyle
[19Oct2024 01:24:54.109] [modloading-worker-0/INFO] [insane96mcp.insanelib.InsaneLib/]: Found (COMMON) InsaneLib Feature class insane96mcp.enhancedai.modules.mobs.Jump
[19Oct2024 01:24:54.118] [modloading-worker-0/INFO] [com.teampotato.redirector.Redirector/]: Redirecting net/silentchaos512/scalinghealth/client/gui/health/HealthTextStyle
[19Oct2024 01:24:54.123] [modloading-worker-0/INFO] [insane96mcp.insanelib.InsaneLib/]: Found (COMMON) InsaneLib Feature class insane96mcp.enhancedai.modules.mobs.ItemDisruption
[19Oct2024 01:24:54.124] [modloading-worker-0/INFO] [com.teampotato.redirector.Redirector/]: Redirecting net/silentchaos512/scalinghealth/client/gui/health/HealthTextColor
[19Oct2024 01:24:54.131] [modloading-worker-0/INFO] [com.teampotato.redirector.Redirector/]: Redirecting net/silentchaos512/scalinghealth/client/gui/health/AbsorptionIconStyle
[19Oct2024 01:24:54.133] [modloading-worker-0/INFO] [insane96mcp.insanelib.InsaneLib/]: Found (COMMON) InsaneLib Feature class insane96mcp.enhancedai.modules.mobs.flee.Flee
[19Oct2024 01:24:54.138] [modloading-worker-0/INFO] [com.teampotato.redirector.Redirector/]: Redirecting net/silentchaos512/scalinghealth/client/gui/difficulty/DifficultyMeterShow
[19Oct2024 01:24:54.152] [modloading-worker-0/INFO] [com.teampotato.redirector.Redirector/]: Redirecting net/silentchaos512/utils/Anchor$Horizontal
[19Oct2024 01:24:54.154] [modloading-worker-0/INFO] [insane96mcp.insanelib.InsaneLib/]: Found (COMMON) InsaneLib Feature class insane96mcp.enhancedai.modules.mobs.fisher.FisherMobs
[19Oct2024 01:24:54.162] [modloading-worker-0/INFO] [insane96mcp.insanelib.InsaneLib/]: Found (COMMON) InsaneLib Feature class insane96mcp.enhancedai.modules.mobs.breakanger.BreakAnger
[19Oct2024 01:24:54.165] [modloading-worker-0/INFO] [com.teampotato.redirector.Redirector/]: Redirecting codechicken/lib/config/ValueType
[19Oct2024 01:24:54.169] [modloading-worker-0/INFO] [com.teampotato.redirector.Redirector/]: Redirecting net/silentchaos512/utils/Anchor$Vertical
[19Oct2024 01:24:54.176] [modloading-worker-0/INFO] [insane96mcp.insanelib.InsaneLib/]: Found (COMMON) InsaneLib Feature class insane96mcp.enhancedai.modules.mobs.BitingMobs
[19Oct2024 01:24:54.180] [modloading-worker-0/INFO] [insane96mcp.insanelib.InsaneLib/]: Found (COMMON) InsaneLib Feature class insane96mcp.enhancedai.modules.mobs.avoidexplosion.AvoidExplosions
[19Oct2024 01:24:54.210] [modloading-worker-0/INFO] [insane96mcp.insanelib.InsaneLib/]: Found (COMMON) InsaneLib Feature class insane96mcp.enhancedai.modules.mobs.anticheese.AntiCheese
[19Oct2024 01:24:54.221] [modloading-worker-0/INFO] [insane96mcp.insanelib.InsaneLib/]: Found (COMMON) InsaneLib Feature class insane96mcp.enhancedai.modules.illager.shoot.PillagerShoot
[19Oct2024 01:24:54.233] [modloading-worker-0/INFO] [insane96mcp.insanelib.InsaneLib/]: Found (COMMON) InsaneLib Feature class insane96mcp.enhancedai.modules.illager.RavagerFeature
[19Oct2024 01:24:54.236] [modloading-worker-0/INFO] [insane96mcp.insanelib.InsaneLib/]: Found (COMMON) InsaneLib Feature class insane96mcp.enhancedai.modules.illager.PillagerFleeTarget
[19Oct2024 01:24:54.252] [modloading-worker-0/INFO] [insane96mcp.insanelib.InsaneLib/]: Found (COMMON) InsaneLib Feature class insane96mcp.enhancedai.modules.ghast.GhastShoot
[19Oct2024 01:24:54.260] [modloading-worker-0/INFO] [insane96mcp.insanelib.InsaneLib/]: Found (COMMON) InsaneLib Feature class insane96mcp.enhancedai.modules.enderman.getoverhere.GetOverHere
[19Oct2024 01:24:54.275] [modloading-worker-0/INFO] [insane96mcp.insanelib.InsaneLib/]: Found (COMMON) InsaneLib Feature class insane96mcp.enhancedai.modules.drowned.DrownedSwimming
[19Oct2024 01:24:54.291] [modloading-worker-0/INFO] [insane96mcp.insanelib.InsaneLib/]: Found (COMMON) InsaneLib Feature class insane96mcp.enhancedai.modules.creeper.CreeperSwell
[19Oct2024 01:24:54.313] [modloading-worker-0/INFO] [com.teampotato.redirector.Redirector/]: Redirecting insane96mcp/enhancedai/modules/creeper/CreeperSwell$AngryCreeperSounds
[19Oct2024 01:24:54.323] [modloading-worker-0/INFO] [com.teampotato.redirector.Redirector/]: Redirecting insane96mcp/enhancedai/modules/creeper/CreeperSwell$BlowUpOnDeath
[19Oct2024 01:24:54.342] [modloading-worker-0/INFO] [insane96mcp.insanelib.InsaneLib/]: Found (COMMON) InsaneLib Feature class insane96mcp.enhancedai.modules.bugs.silverfish.SilverfishFeature
[19Oct2024 01:24:54.362] [modloading-worker-0/INFO] [insane96mcp.insanelib.InsaneLib/]: Found (COMMON) InsaneLib Feature class insane96mcp.enhancedai.modules.blaze.BlazeAttack
[19Oct2024 01:24:54.376] [modloading-worker-0/INFO] [insane96mcp.insanelib.InsaneLib/]: Found (COMMON) InsaneLib Feature class insane96mcp.enhancedai.modules.animal.NotTemptedAnimals
[19Oct2024 01:24:54.382] [modloading-worker-0/INFO] [insane96mcp.insanelib.InsaneLib/]: Found (COMMON) InsaneLib Feature class insane96mcp.enhancedai.modules.animal.AnimalsGroupFlee
[19Oct2024 01:24:54.389] [modloading-worker-0/INFO] [insane96mcp.insanelib.InsaneLib/]: Found (COMMON) InsaneLib Feature class insane96mcp.enhancedai.modules.animal.AnimalScaredAttack
[19Oct2024 01:24:54.426] [modloading-worker-0/INFO] [com.teampotato.redirector.Redirector/]: Redirecting net/silentchaos512/scalinghealth/event/DamageScaling$Mode
[19Oct2024 01:24:54.484] [modloading-worker-0/INFO] [com.teampotato.redirector.Redirector/]: Redirecting net/minecraft/world/entity/MobSpawnType
[19Oct2024 01:24:54.506] [modloading-worker-0/INFO] [com.teampotato.redirector.Redirector/]: Redirecting com/rae/creatingspace/init/TagsInit$CustomBlockTags
[19Oct2024 01:24:54.510] [modloading-worker-0/INFO] [com.teampotato.redirector.Redirector/]: Redirecting com/rae/creatingspace/init/TagsInit$CustomNameSpace
[19Oct2024 01:24:54.516] [modloading-worker-0/INFO] [com.teampotato.redirector.Redirector/]: Redirecting com/rae/creatingspace/init/TagsInit$CustomItemTags
[19Oct2024 01:24:54.521] [modloading-worker-0/INFO] [com.teampotato.redirector.Redirector/]: Redirecting com/rae/creatingspace/init/TagsInit$CustomEntityTag
[19Oct2024 01:24:54.524] [modloading-worker-0/INFO] [com.teampotato.redirector.Redirector/]: Redirecting com/rae/creatingspace/init/TagsInit$CustomFluidTags
[19Oct2024 01:24:54.548] [modloading-worker-0/INFO] [com.teampotato.redirector.Redirector/]: Redirecting com/getitemfromblock/create_tweaked_controllers/config/ModClientConfig$ControllerLayoutType
[19Oct2024 01:24:54.557] [modloading-worker-0/INFO] [com.teampotato.redirector.Redirector/]: Redirecting net/minecraft/sounds/SoundSource
[19Oct2024 01:24:54.636] [modloading-worker-0/INFO] [com.teampotato.redirector.Redirector/]: Redirecting net/mehvahdjukaar/moonlight/api/platform/configs/ConfigType
[19Oct2024 01:24:54.668] [modloading-worker-0/INFO] [com.teampotato.redirector.Redirector/]: Redirecting net/mehvahdjukaar/moonlight/api/platform/PlatHelper$Platform
[19Oct2024 01:24:54.682] [modloading-worker-0/INFO] [com.teampotato.redirector.Redirector/]: Redirecting net/minecraft/world/item/CreativeModeTab$TabVisibility
[19Oct2024 01:24:54.691] [modloading-worker-0/INFO] [com.teampotato.redirector.Redirector/]: Redirecting net/mehvahdjukaar/moonlight/api/platform/PlatHelper$Side
[19Oct2024 01:24:54.758] [modloading-worker-0/INFO] [com.teampotato.redirector.Redirector/]: Redirecting com/flansmod/common/types/vehicles/EPlayerInput
[19Oct2024 01:24:54.764] [modloading-worker-0/INFO] [com.teampotato.redirector.Redirector/]: Redirecting net/minecraft/server/packs/repository/Pack$Position
[19Oct2024 01:24:54.767] [modloading-worker-0/INFO] [com.teampotato.redirector.Redirector/]: Redirecting com/flansmod/common/types/attachments/EAttachmentType
[19Oct2024 01:24:54.771] [modloading-worker-0/INFO] [com.teampotato.redirector.Redirector/]: Redirecting com/flansmod/common/types/guns/elements/ERepeatMode
[19Oct2024 01:24:54.780] [modloading-worker-0/INFO] [com.teampotato.redirector.Redirector/]: Redirecting com/flansmod/common/types/guns/elements/EActionType
[19Oct2024 01:24:54.788] [modloading-worker-0/INFO] [com.teampotato.redirector.Redirector/]: Redirecting com/flansmod/util/formulae/EAccumulationOperation
[19Oct2024 01:24:54.792] [modloading-worker-0/INFO] [com.teampotato.redirector.Redirector/]: Redirecting com/flansmod/common/types/abilities/elements/EAccumulationSource
[19Oct2024 01:24:54.811] [modloading-worker-0/INFO] [com.teampotato.redirector.Redirector/]: Redirecting com/flansmod/common/types/abilities/elements/EAbilityTrigger
[19Oct2024 01:24:54.821] [modloading-worker-0/INFO] [com.teampotato.redirector.Redirector/]: Redirecting net/mehvahdjukaar/moonlight/api/platform/RegHelper$VariantType
[19Oct2024 01:24:54.823] [modloading-worker-0/INFO] [com.teampotato.redirector.Redirector/]: Redirecting com/flansmod/common/types/abilities/elements/ETriggerConditionType
[19Oct2024 01:24:54.826] [modloading-worker-0/INFO] [com.teampotato.redirector.Redirector/]: Redirecting com/flansmod/common/types/abilities/elements/EAbilityTarget
[19Oct2024 01:24:54.829] [modloading-worker-0/INFO] [com.teampotato.redirector.Redirector/]: Redirecting com/flansmod/common/types/abilities/elements/EAbilityEffect
[19Oct2024 01:24:54.903] [modloading-worker-0/INFO] [com.teampotato.redirector.Redirector/]: Redirecting com/flansmod/common/types/attachments/EMechaEffect
[19Oct2024 01:24:54.914] [modloading-worker-0/INFO] [com.teampotato.redirector.Redirector/]: Redirecting net/mehvahdjukaar/moonlight/api/platform/network/NetworkDir
[19Oct2024 01:24:54.915] [modloading-worker-0/INFO] [com.teampotato.redirector.Redirector/]: Redirecting com/flansmod/common/types/parts/elements/EFuelType
[19Oct2024 01:24:54.936] [modloading-worker-0/INFO] [com.teampotato.redirector.Redirector/]: Redirecting com/flansmod/common/types/elements/EFilterType
[19Oct2024 01:24:54.938] [modloading-worker-0/INFO] [com.teampotato.redirector.Redirector/]: Redirecting com/flansmod/common/types/crafting/EMaterialType
[19Oct2024 01:24:54.948] [modloading-worker-0/INFO] [com.teampotato.redirector.Redirector/]: Redirecting com/flansmod/common/types/crafting/EWorkbenchInventoryType
[19Oct2024 01:24:54.956] [modloading-worker-0/INFO] [com.teampotato.redirector.Redirector/]: Redirecting com/flansmod/common/types/crafting/EMaterialIconType
[19Oct2024 01:24:54.962] [modloading-worker-0/INFO] [com.teampotato.redirector.Redirector/]: Redirecting com/flansmod/common/types/magazines/EAmmoLoadMode
[19Oct2024 01:24:54.964] [modloading-worker-0/INFO] [com.teampotato.redirector.Redirector/]: Redirecting com/flansmod/common/types/magazines/EAmmoConsumeMode
[19Oct2024 01:24:54.973] [modloading-worker-0/INFO] [com.teampotato.redirector.Redirector/]: Redirecting com/flansmod/common/types/npc/elements/ENpcActionType
[19Oct2024 01:24:54.975] [modloading-worker-0/INFO] [com.teampotato.redirector.Redirector/]: Redirecting com/flansmod/common/types/elements/EDamageSourceType
[19Oct2024 01:24:54.981] [modloading-worker-0/INFO] [com.teampotato.redirector.Redirector/]: Redirecting com/flansmod/common/types/npc/elements/EVoiceLineType
[19Oct2024 01:24:54.990] [modloading-worker-0/INFO] [com.teampotato.redirector.Redirector/]: Redirecting com/flansmod/common/types/armour/EArmourType
[19Oct2024 01:24:54.994] [modloading-worker-0/INFO] [com.teampotato.redirector.Redirector/]: Redirecting com/flansmod/common/actions/contexts/EContextSide
[19Oct2024 01:24:55.075] [modloading-worker-0/INFO] [com.teampotato.redirector.Redirector/]: Redirecting sereneseasons/api/season/Season$SubSeason
[19Oct2024 01:24:55.078] [modloading-worker-0/INFO] [com.teampotato.redirector.Redirector/]: Redirecting sereneseasons/api/season/Season
[19Oct2024 01:24:55.085] [modloading-worker-0/INFO] [com.teampotato.redirector.Redirector/]: Redirecting net/pttheta/loveandwar/recipe/RecipeRegister
[19Oct2024 01:24:55.121] [modloading-worker-0/INFO] [graveyard/]: Registered JSON trade offer adapter.
[19Oct2024 01:24:55.295] [modloading-worker-0/INFO] [com.teampotato.redirector.Redirector/]: Redirecting com/ordana/immersive_weathering/data/block_growths/TickSource
[19Oct2024 01:24:55.300] [modloading-worker-0/INFO] [com.teampotato.redirector.Redirector/]: Redirecting com/rae/creatingspace/init/RecipeInit
[19Oct2024 01:24:55.315] [modloading-worker-0/INFO] [com.teampotato.redirector.Redirector/]: Redirecting com/rae/creatingspace/init/graphics/ParticleTypeInit
[19Oct2024 01:24:55.336] [modloading-worker-0/INFO] [com.teampotato.redirector.Redirector/]: Redirecting com/rae/creatingspace/server/entities/RocketContraptionEntity$RocketStatus
[19Oct2024 01:24:55.375] [modloading-worker-0/INFO] [com.teampotato.redirector.Redirector/]: Redirecting com/rae/creatingspace/configs/CSCfgClient$Measurement
[19Oct2024 01:24:55.379] [modloading-worker-0/INFO] [com.teampotato.redirector.Redirector/]: Redirecting com/rae/creatingspace/configs/CSOxygenBacktank$PlaceSelection
[19Oct2024 01:24:55.381] [modloading-worker-0/INFO] [com.teampotato.redirector.Redirector/]: Redirecting com/rae/creatingspace/configs/CSOxygenBacktank$ColorSelection
[19Oct2024 01:24:55.397] [modloading-worker-0/INFO] [com.teampotato.redirector.Redirector/]: Redirecting com/progwml6/ironchest/common/item/IronChestsUpgradeType
[19Oct2024 01:24:55.401] [modloading-worker-0/INFO] [com.teampotato.redirector.Redirector/]: Redirecting com/progwml6/ironchest/common/block/IronChestsTypes
[19Oct2024 01:24:55.437] [modloading-worker-0/INFO] [com.teampotato.redirector.Redirector/]: Redirecting com/rae/creatingspace/init/PacketInit
[19Oct2024 01:24:55.550] [modloading-worker-0/INFO] [com.teampotato.redirector.Redirector/]: Redirecting com/simibubi/create/content/contraptions/bearing/ClockworkContraption$HandType
[19Oct2024 01:24:55.557] [modloading-worker-0/INFO] [com.teampotato.redirector.Redirector/]: Redirecting com/simibubi/create/content/contraptions/mounted/CartAssemblerBlockEntity$CartMovementMode
[19Oct2024 01:24:55.615] [modloading-worker-0/INFO] [com.teampotato.redirector.Redirector/]: Redirecting crimson_twilight/immersive_cooking/item/util/FoodStuff
[19Oct2024 01:24:55.636] [modloading-worker-0/INFO] [com.teampotato.redirector.Redirector/]: Redirecting com/majruszsdifficulty/items/CustomArmorMaterial
[19Oct2024 01:24:55.641] [modloading-worker-0/INFO] [com.teampotato.redirector.Redirector/]: Redirecting com/majruszsdifficulty/items/CustomItemTier
[19Oct2024 01:24:55.641] [modloading-worker-0/INFO] [com.teampotato.redirector.Redirector/]: Redirecting crimson_twilight/immersive_cooking/block/helper/CounterTop
[19Oct2024 01:24:55.647] [modloading-worker-0/INFO] [com.teampotato.redirector.Redirector/]: Redirecting crimson_twilight/immersive_cooking/block/helper/CabinetMaterial
[19Oct2024 01:24:55.652] [modloading-worker-0/INFO] [com.teampotato.redirector.Redirector/]: Redirecting crimson_twilight/immersive_cooking/block/helper/CounterMaterial
[19Oct2024 01:24:55.699] [modloading-worker-0/INFO] [com.teampotato.redirector.Redirector/]: Redirecting com/majruszsdifficulty/items/SoulJar$BonusType
[19Oct2024 01:24:55.787] [modloading-worker-0/INFO] [com.teampotato.redirector.Redirector/]: Redirecting codechicken/lib/config/ConfigCallback$Reason
[19Oct2024 01:24:55.838] [modloading-worker-0/INFO] [com.teampotato.redirector.Redirector/]: Redirecting com/majruszsdifficulty/undeadarmy/UndeadArmy$Direction
[19Oct2024 01:24:55.847] [modloading-worker-0/INFO] [com.teampotato.redirector.Redirector/]: Redirecting com/majruszsdifficulty/undeadarmy/UndeadArmy$Phase$State
[19Oct2024 01:24:55.878] [modloading-worker-0/INFO] [com.teampotato.redirector.Redirector/]: Redirecting com/jozufozu/flywheel/config/BackendType
[19Oct2024 01:24:56.024] [modloading-worker-0/INFO] [com.teampotato.redirector.Redirector/]: Redirecting rbasamoyai/createbigcannons/index/CBCRecipeTypes
[19Oct2024 01:24:56.035] [modloading-worker-0/INFO] [com.teampotato.redirector.Redirector/]: Redirecting com/epherical/epherolib/libs/com/typesafe/config/impl/OriginType
[19Oct2024 01:24:56.052] [modloading-worker-0/INFO] [com.teampotato.redirector.Redirector/]: Redirecting com/epherical/epherolib/libs/com/typesafe/config/impl/ResolveStatus
[19Oct2024 01:24:56.086] [modloading-worker-0/INFO] [com.teampotato.redirector.Redirector/]: Redirecting rbasamoyai/createbigcannons/cannon_control/cannon_types/CBCCannonContraptionTypes
[19Oct2024 01:24:56.100] [modloading-worker-0/INFO] [com.teampotato.redirector.Redirector/]: Redirecting com/epherical/epherolib/libs/org/spongepowered/configurate/loader/HeaderMode
[19Oct2024 01:24:56.115] [modloading-worker-0/INFO] [com.teampotato.redirector.Redirector/]: Redirecting com/epherical/epherolib/libs/org/spongepowered/configurate/util/MapFactories$DefaultFactory
[19Oct2024 01:24:56.168] [modloading-worker-0/INFO] [com.teampotato.redirector.Redirector/]: Redirecting com/simibubi/create/content/contraptions/BlockMovementChecks$CheckResult
[19Oct2024 01:24:56.283] [modloading-worker-0/INFO] [com.teampotato.redirector.Redirector/]: Redirecting com/epherical/epherolib/libs/org/spongepowered/configurate/util/NamingSchemes
[19Oct2024 01:24:56.306] [modloading-worker-0/INFO] [com.teampotato.redirector.Redirector/]: Redirecting com/majruszlibrary/animations/AnimationsDef$Easing
[19Oct2024 01:24:56.439] [modloading-worker-0/INFO] [com.epherical.epherolib.config.CommonConfig/]: Creating default config file: croptopia_v3.conf
[19Oct2024 01:24:56.470] [modloading-worker-0/INFO] [com.teampotato.redirector.Redirector/]: Redirecting com/epherical/epherolib/libs/org/spongepowered/configurate/loader/CommentHandlers
[19Oct2024 01:24:56.582] [modloading-worker-0/INFO] [thedragonlib/]: Welcoming Minecraft
[19Oct2024 01:24:56.606] [modloading-worker-0/INFO] [com.teampotato.redirector.Redirector/]: Redirecting com/epherical/epherolib/libs/com/typesafe/config/ConfigSyntax
[19Oct2024 01:24:56.613] [modloading-worker-0/INFO] [com.teampotato.redirector.Redirector/]: Redirecting fuzs/puzzleslib/api/core/v1/ContentRegistrationFlags
[19Oct2024 01:24:56.645] [modloading-worker-0/INFO] [com.teampotato.redirector.Redirector/]: Redirecting com/epherical/epherolib/libs/com/typesafe/config/impl/TokenType
[19Oct2024 01:24:56.679] [modloading-worker-0/INFO] [com.teampotato.redirector.Redirector/]: Redirecting com/epherical/epherolib/libs/com/typesafe/config/ConfigValueType
[19Oct2024 01:24:56.721] [modloading-worker-0/INFO] [Puzzles Lib/]: Constructing common components for puzzleslib:main
[19Oct2024 01:24:56.866] [modloading-worker-0/INFO] [com.teampotato.redirector.Redirector/]: Redirecting net/geforcemods/securitycraft/util/SCItemGroup
[19Oct2024 01:24:56.893] [modloading-worker-0/INFO] [com.teampotato.redirector.Redirector/]: Redirecting com/epherical/epherolib/libs/io/leangen/geantyref/VarMap$MappingMode
[19Oct2024 01:24:57.118] [modloading-worker-0/INFO] [com.teampotato.redirector.Redirector/]: Redirecting immersive_melodies/network/s2c/OpenGuiRequest$Type
[19Oct2024 01:24:57.128] [modloading-worker-0/INFO] [com.teampotato.redirector.Redirector/]: Redirecting immersive_melodies/network/c2s/ItemActionMessage$State
[19Oct2024 01:24:57.185] [modloading-worker-0/INFO] [com.teampotato.redirector.Redirector/]: Redirecting net/cristellib/config/ConfigType
[19Oct2024 01:24:57.250] [modloading-worker-0/INFO] [com.teampotato.redirector.Redirector/]: Redirecting com/flansmod/common/actions/EActionResult
[19Oct2024 01:24:57.653] [modloading-worker-0/INFO] [Easy NPC/]: Initializing Easy NPC (Forge) ...
[19Oct2024 01:24:57.657] [modloading-worker-0/INFO] [Easy NPC/]: 🗣 Register Easy NPC Debug Manager ...
[19Oct2024 01:24:57.663] [modloading-worker-0/WARN] [Easy NPC/]: [Debug Manager] Detected debug log level for Easy NPC with ALL!
[19Oct2024 01:24:57.667] [modloading-worker-0/WARN] [Easy NPC/]: [Debug Manager] Adjusting log level for Easy NPC from ALL to INFO, for performance reasons!
[19Oct2024 01:24:57.671] [modloading-worker-0/INFO] [Easy NPC/]: [Debug Manager] Add new logger config for Easy NPC with level INFO ...
[19Oct2024 01:24:57.674] [modloading-worker-0/INFO] [Easy NPC/]: 🗣 Register Easy NPC Constants ...
[19Oct2024 01:24:57.685] [modloading-worker-0/INFO] [Easy NPC/]: 🗣 Register Easy NPC Configuration ...
[19Oct2024 01:24:57.690] [modloading-worker-0/INFO] [Easy NPC/]: [Config] Updated configuration path to /mcserver/config/easy_npc
[19Oct2024 01:24:57.736] [modloading-worker-0/INFO] [Easy NPC/]: [Config] Render Entity Type Support Configuration

 Please note that this configuration file only includes confirmed entity types.
 If an entity type is not listed here, it doesn't mean it's automatically supported or unsupported!
 is up to date: {minecraft:giant=true, dannys_expansion:mundane_slime=false, botania:pool_minecart=false, botania:ender_air=false, minecraft:end_crystal=false, simple_mobs:rumble=false, minecraft:experience_bottle=false, minecraft:glow_squid=true, minecraft:trader_llama=true, orcz:decaystrikecustom=false, simple_mobs:staff_usage=false, minecraft:horse=true, the_bumblezone:purple_spike_entity=false, minecraft:llama=true, minecraft:husk=true, minecraft:cave_spider=true, minecraft:enderman=true, minecraft:dolphin=true, frostiful:freezing_wind=false, minecraft:shulker_bullet=false, simple_mobs:projecttest=false, minecraft:donkey=true, minecraft:area_effect_cloud=false, minecraft:ghast=false, frostiful:packed_snowball=false, twigs:pebble=false, handcrafted:fancy_painting=false, moretotems:summoned_zombie=false, minecraft:piglin_brute=true, minecraft:creeper=true, minecraft:glow_item_frame=false, minecraft:bee=true, botania:mana_storm=false, minecraft:illusioner=true, minecraft:player=false, minecraft:wither_skull=false, minecraft:mooshroom=true, smallships:galley=false, create:stationary_contraption=false, minecraft:eye_of_ender=false, minecraft:villager=true, ad_astra:tier_1_rocket=false, botania:magic_landmine=false, minecraft:stray=true, smallships:cog=false, minecraft:falling_block=false, minecraft:drowned=true, minecraft:axolotl=true, botania:doppleganger=false, botania:flame_ring=false, botania:ender_air_bottle=false, minecraft:tnt=false, ae2:tiny_tnt_primed=false, botania:magic_missile=false, create:crafting_blueprint=false, create:contraption=false, minecraft:strider=true, smallships:brigg=false, minecraft:guardian=true, minecraft:parrot=true, minecraft:arrow=false, lootr:lootr_minecart=false, the_bumblezone:pollen_puff=false, minecraft:chest_minecart=false, minecraft:wither=true, minecraft:ender_pearl=false, create:super_glue=false, minecraft:wandering_trader=true, handcrafted:seat=false, simple_mobs:dragon_smoke=false, minecraft:wither_skeleton=true, botania:thorn_chakram=false, minecraft:iron_golem=true, botania:pixie=false, dummmmmmy:target_dummy=false, minecraft:elder_guardian=true, graveyard:skull=false, minecraft:mule=true, the_bumblezone:bee_stinger=false, the_bumblezone:thrown_stinger_spear=false, minecraft:armor_stand=false, aquamirae:pillagers_patrol=false, minecraft:vindicator=true, botania:mana_burst=false, minecraft:evoker=true, minecraft:slime=false, minecraft:leash_knot=false, botania:babylon_weapon=false, minecraft:pufferfish=true, terraform:boat=false, swampier_swamps:swamp_gas=false, minecraft:experience_orb=false, ad_astra:tier_3_rocket=false, minecraft:fox=true, botania:thrown_item=false, the_bumblezone:cosmic_crystal_entity=false, graveyard:ghouling=false, botania:player_mover=false, minecraft:silverfish=true, minecraft:endermite=true, minecraft:firework_rocket=false, minecraft:chicken=true, minecraft:zombie=true, the_bumblezone:sentry_watcher=false, minecraft:spawner_minecart=false, botania:spark=false, botania:falling_star=false, minecraft:hoglin=true, minecraft:boat=false, minecraft:trident=false, friendsandfoes:player_illusion=false, minecraft:polar_bear=true, minecraft:phantom=false, ad_astra:tier_4_rocket=false, minecraft:zombified_piglin=true, minecraft:witch=true, ad_astra:tier_2_rocket=false, minecraft:pig=true, minecraft:turtle=true, moretotems:summoned_bee=false, minecraft:sheep=true, minecraft:ender_dragon=false, minecraft:goat=true, minecraft:item_frame=false, create:carriage_contraption=false, minecraft:vex=true, minecraft:minecart=false, minecraft:item=false, minecraft:dragon_fireball=false, minecraft:cod=true, minecraft:skeleton=true, ad_astra:space_painting=false, create:seat=false, simple_mobs:staff_interact=false, minecraft:ravager=true, minecraft:squid=true, minecraft:skeleton_horse=true, minecraft:cow=true, minecraft:potion=false, ad_astra:lander=false, minecraft:salmon=true, minecraft:snow_golem=true, minecraft:shulker=true, friendsandfoes:ice_chunk=false, minecraft:hopper_minecart=false, the_bumblezone:honey_crystal_shard=false, simple_mobs:lightning_spear=false, minecraft:rabbit=true, minecraft:painting=false, minecraft:pillager=true, the_bumblezone:electric_ring_entity=false, minecraft:zoglin=true, minecraft:lightning_bolt=false, frostiful:frost_spell=false, minecraft:fishing_bobber=false, minecraft:tnt_minecart=false, simple_mobs:ground_spike=false, minecraft:command_block_minecart=false, minecraft:bat=false, the_bumblezone:dirt_pellet=false, minecraft:fireball=false, minecraft:llama_spit=false, minecraft:furnace_minecart=false, minecraft:evoker_fangs=false, minecraft:piglin=true, minecraft:snowball=false, minecraft:spectral_arrow=false, orcz:wither_strikeringcustom=false, simple_mobs:elemental_chain=false, minecraft:blaze=true, ad_astra:ice_spit=false, techreborn:nuke=false, minecraft:egg=false, minecraft:zombie_horse=true, minecraft:magma_cube=false, minecraft:small_fireball=false, frostiful:thrown_icicle=false, minecraft:spider=true, ad_astra:tier_1_rover=false, minecraft:marker=false, majruszsdifficulty:cursed_armor=false, minecraft:text_display=false, farmersdelight:rotten_tomato=false, minecraft:cat=true, armourers_workshop:mannequin=false, create:gantry_contraption=false, minecraft:tropical_fish=true, botania:corporea_spark=false, minecraft:ocelot=true, minecraft:wolf=true, minecraft:panda=true, minecraft:zombie_villager=true}
[19Oct2024 01:24:57.745] [modloading-worker-0/INFO] [Easy NPC/]: 🗣 Register Easy NPC Compatibility Handler ...
[19Oct2024 01:24:57.753] [modloading-worker-0/INFO] [Easy NPC/]: 🗣 Register Easy NPC Compat Handler ...
[19Oct2024 01:24:57.759] [modloading-worker-0/INFO] [Easy NPC/]: [Compat Manager] Epic Fight mod with id 'epicfight' loaded: false
[19Oct2024 01:24:57.761] [modloading-worker-0/INFO] [Easy NPC/]: [Compat Manager] Cobblemon mod with id 'cobblemon' loaded: false
[19Oct2024 01:24:57.763] [modloading-worker-0/INFO] [Easy NPC/]: 🗣 Register Easy NPC Command Argument Types ...
[19Oct2024 01:24:57.768] [modloading-worker-0/INFO] [Easy NPC/]: 🗣 Register Easy NPC Entity Types ...
[19Oct2024 01:24:57.787] [modloading-worker-0/INFO] [Easy NPC/]: 🗣 Register Easy NPC Blocks ...
[19Oct2024 01:24:57.802] [modloading-worker-0/INFO] [com.teampotato.redirector.Redirector/]: Redirecting com/simibubi/create/content/kinetics/deployer/DeployerBlockEntity$Mode
[19Oct2024 01:24:57.805] [modloading-worker-0/INFO] [Easy NPC/]: 🗣 Register Easy NPC Blocks Entity Types ...
[19Oct2024 01:24:57.810] [modloading-worker-0/INFO] [Easy NPC/]: 🗣 Register Easy NPC Items ...
[19Oct2024 01:24:57.837] [modloading-worker-0/WARN] [mixin/]: @Inject(@At("INVOKE_ASSIGN")) Shift.BY=2 on valkyrienskies-common.mixins.json:mod_compat.create.block.MixinRedstoneContactBlock from mod valkyrienskies::handler$bia000$valkyrienskies$injectTick exceeds the maximum allowed value: 0. Increase the value of maxShiftBy to suppress this warning.
[19Oct2024 01:24:57.859] [modloading-worker-0/INFO] [Easy NPC/]: 🗣 Register Easy NPC Menu Types ...
[19Oct2024 01:24:57.870] [modloading-worker-0/INFO] [com.teampotato.redirector.Redirector/]: Redirecting de/markusbordihn/easynpc/data/configuration/ConfigurationType
[19Oct2024 01:24:57.876] [modloading-worker-0/INFO] [com.teampotato.redirector.Redirector/]: Redirecting de/markusbordihn/easynpc/data/editor/EditorType
[19Oct2024 01:24:57.890] [modloading-worker-0/INFO] [com.teampotato.redirector.Redirector/]: Redirecting de/markusbordihn/easynpc/menu/ModMenuType
[19Oct2024 01:24:57.896] [modloading-worker-0/INFO] [Easy NPC/]: 🗣 Register Easy NPC Menu Handler ...
[19Oct2024 01:24:57.909] [modloading-worker-0/INFO] [Easy NPC/]: 🗣 Register Easy NPC Network Handler ...
[19Oct2024 01:24:57.938] [modloading-worker-0/INFO] [Easy NPC/]: 🗣 Register Easy NPC NetworkHandler ...
[19Oct2024 01:24:57.944] [modloading-worker-0/INFO] [Easy NPC/]: 🗣 Register Easy NPC Network Handler ...
[19Oct2024 01:24:57.972] [modloading-worker-0/INFO] [Easy NPC/]: 🗣 Register Easy NPC Client Network Message Handler ...
[19Oct2024 01:24:57.979] [modloading-worker-0/INFO] [thedarkcolour.kotlinforforge.test.KotlinForForge/]: Kotlin For Forge Enabled!
[19Oct2024 01:24:58.242] [modloading-worker-0/INFO] [com.teampotato.redirector.Redirector/]: Redirecting se/mickelus/tetra/module/Priority
[19Oct2024 01:24:58.398] [modloading-worker-0/INFO] [com.teampotato.redirector.Redirector/]: Redirecting com/simibubi/create/content/trains/signal/SignalBlock$SignalType
[19Oct2024 01:24:58.403] [modloading-worker-0/INFO] [com.teampotato.redirector.Redirector/]: Redirecting com/simibubi/create/content/trains/signal/SignalBlockEntity$SignalState
[19Oct2024 01:24:58.466] [modloading-worker-0/INFO] [com.teampotato.redirector.Redirector/]: Redirecting com/simibubi/create/content/trains/track/TrackShape
[19Oct2024 01:24:58.472] [modloading-worker-0/INFO] [com.teampotato.redirector.Redirector/]: Redirecting net/minecraft/world/level/block/Mirror
[19Oct2024 01:24:58.491] [modloading-worker-0/INFO] [com.teampotato.redirector.Redirector/]: Redirecting net/minecraft/world/item/ItemDisplayContext
[19Oct2024 01:24:58.569] [modloading-worker-0/INFO] [de.melanx.aiotbotania.AIOTBotania/]: Items registered.
[19Oct2024 01:24:58.572] [modloading-worker-0/INFO] [de.melanx.aiotbotania.AIOTBotania/]: Blocks registered.
[19Oct2024 01:24:58.575] [modloading-worker-0/INFO] [de.melanx.aiotbotania.AIOTBotania/]: Global loot modifiers registered.
[19Oct2024 01:24:58.669] [modloading-worker-0/INFO] [com.teampotato.redirector.Redirector/]: Redirecting net/p3pp3rf1y/sophisticatedcore/client/gui/SortButtonsPosition
[19Oct2024 01:24:58.727] [modloading-worker-0/INFO] [insane96mcp.insanelib.InsaneLib/]: Found (COMMON) InsaneLib Feature class insane96mcp.insanelib.module.base.TagsFeature
[19Oct2024 01:24:58.748] [modloading-worker-0/INFO] [insane96mcp.insanelib.InsaneLib/]: Found (COMMON) InsaneLib Feature class insane96mcp.insanelib.module.base.FixFeature
[19Oct2024 01:24:58.756] [modloading-worker-0/INFO] [insane96mcp.insanelib.InsaneLib/]: Found (COMMON) InsaneLib Feature class insane96mcp.insanelib.module.base.BaseFeature
[19Oct2024 01:24:58.764] [modloading-worker-0/INFO] [insane96mcp.insanelib.InsaneLib/]: Found (COMMON) InsaneLib Feature class insane96mcp.insanelib.module.base.AEC3DFeature
[19Oct2024 01:24:58.872] [modloading-worker-0/INFO] [com.teampotato.redirector.Redirector/]: Redirecting com/starfish_studios/naturalist/common/entity/Butterfly$Variant
[19Oct2024 01:24:58.879] [modloading-worker-0/INFO] [com.teampotato.redirector.Redirector/]: Redirecting com/starfish_studios/naturalist/common/entity/Snail$Color
[19Oct2024 01:24:59.093] [modloading-worker-0/INFO] [net.minecraftforge.common.ForgeMod/FORGEMOD]: Forge mod loading, version 47.3.11, for MC 1.20.1 with MCP 20230612.114412
[19Oct2024 01:24:59.096] [modloading-worker-0/INFO] [net.minecraftforge.common.MinecraftForge/FORGE]: MinecraftForge v47.3.11 Initialized
[19Oct2024 01:24:59.437] [modloading-worker-0/INFO] [com.teampotato.redirector.Redirector/]: Redirecting com/fasterxml/jackson/databind/util/internal/PrivateMaxEntriesMap$DiscardingListener
[19Oct2024 01:24:59.450] [modloading-worker-0/INFO] [com.teampotato.redirector.Redirector/]: Redirecting com/fasterxml/jackson/databind/util/internal/PrivateMaxEntriesMap$DrainStatus
[19Oct2024 01:24:59.486] [modloading-worker-0/INFO] [com.teampotato.redirector.Redirector/]: Redirecting com/fasterxml/jackson/core/Base64Variant$PaddingReadBehaviour
[19Oct2024 01:24:59.535] [modloading-worker-0/INFO] [com.teampotato.redirector.Redirector/]: Redirecting com/fasterxml/jackson/core/JsonFactory$Feature
[19Oct2024 01:24:59.548] [modloading-worker-0/INFO] [com.teampotato.redirector.Redirector/]: Redirecting com/fasterxml/jackson/core/JsonParser$Feature
[19Oct2024 01:24:59.550] [modloading-worker-0/INFO] [com.teampotato.redirector.Redirector/]: Redirecting com/fasterxml/jackson/core/JsonGenerator$Feature
[19Oct2024 01:24:59.558] [modloading-worker-0/INFO] [com.teampotato.redirector.Redirector/]: Redirecting com/fasterxml/jackson/dataformat/cbor/CBORParser$Feature
[19Oct2024 01:24:59.571] [modloading-worker-0/INFO] [com.teampotato.redirector.Redirector/]: Redirecting com/fasterxml/jackson/dataformat/cbor/CBORGenerator$Feature
[19Oct2024 01:24:59.598] [modloading-worker-0/INFO] [com.teampotato.redirector.Redirector/]: Redirecting org/violetmoon/zeta/util/ZetaSide
[19Oct2024 01:24:59.614] [modloading-worker-0/INFO] [com.teampotato.redirector.Redirector/]: Redirecting com/fasterxml/jackson/annotation/JsonInclude$Include
[19Oct2024 01:24:59.628] [modloading-worker-0/INFO] [com.teampotato.redirector.Redirector/]: Redirecting com/fasterxml/jackson/annotation/Nulls
[19Oct2024 01:24:59.633] [modloading-worker-0/INFO] [com.teampotato.redirector.Redirector/]: Redirecting com/fasterxml/jackson/annotation/JsonAutoDetect$Visibility
[19Oct2024 01:24:59.636] [modloading-worker-0/INFO] [com.teampotato.redirector.Redirector/]: Redirecting com/fasterxml/jackson/databind/type/LogicalType
[19Oct2024 01:24:59.640] [modloading-worker-0/INFO] [com.teampotato.redirector.Redirector/]: Redirecting com/fasterxml/jackson/databind/cfg/CoercionAction
[19Oct2024 01:24:59.643] [modloading-worker-0/INFO] [com.teampotato.redirector.Redirector/]: Redirecting com/fasterxml/jackson/databind/cfg/CoercionInputShape
[19Oct2024 01:24:59.653] [modloading-worker-0/INFO] [com.teampotato.redirector.Redirector/]: Redirecting com/fasterxml/jackson/annotation/JsonFormat$Shape
[19Oct2024 01:24:59.659] [modloading-worker-0/INFO] [com.teampotato.redirector.Redirector/]: Redirecting com/fasterxml/jackson/databind/MapperFeature
[19Oct2024 01:24:59.666] [modloading-worker-0/INFO] [com.teampotato.redirector.Redirector/]: Redirecting com/fasterxml/jackson/databind/SerializationFeature
[19Oct2024 01:24:59.674] [modloading-worker-0/INFO] [com.teampotato.redirector.Redirector/]: Redirecting com/fasterxml/jackson/databind/cfg/EnumFeature
[19Oct2024 01:24:59.679] [modloading-worker-0/INFO] [com.teampotato.redirector.Redirector/]: Redirecting com/fasterxml/jackson/databind/cfg/JsonNodeFeature
[19Oct2024 01:24:59.684] [modloading-worker-0/INFO] [com.teampotato.redirector.Redirector/]: Redirecting com/fasterxml/jackson/databind/DeserializationFeature
[19Oct2024 01:24:59.729] [modloading-worker-0/INFO] [com.teampotato.redirector.Redirector/]: Redirecting mods/railcraft/api/charge/Charge
[19Oct2024 01:24:59.734] [modloading-worker-0/INFO] [com.teampotato.redirector.Redirector/]: Redirecting mods/railcraft/charge/ChargeProviderImpl
[19Oct2024 01:24:59.831] [modloading-worker-0/INFO] [com.teampotato.redirector.Redirector/]: Redirecting com/fasterxml/jackson/core/JsonParser$NumberType
[19Oct2024 01:25:00.011] [modloading-worker-0/INFO] [com.teampotato.redirector.Redirector/]: Redirecting com/fasterxml/jackson/module/kotlin/KotlinFeature
[19Oct2024 01:25:00.019] [modloading-worker-0/INFO] [com.teampotato.redirector.Redirector/]: Redirecting com/fasterxml/jackson/module/kotlin/SingletonSupport
[19Oct2024 01:25:00.117] [modloading-worker-0/INFO] [com.teampotato.redirector.Redirector/]: Redirecting rbasamoyai/createbigcannons/network/ClientboundCBCExplodePacket$ExplosionType
[19Oct2024 01:25:00.143] [modloading-worker-0/INFO] [com.teampotato.redirector.Redirector/]: Redirecting rbasamoyai/createbigcannons/index/CBCParticleTypes
[19Oct2024 01:25:00.150] [modloading-worker-0/INFO] [com.teampotato.redirector.Redirector/]: Redirecting org/violetmoon/zetaimplforge/event/ForgeEventsRemapper$Phase
[19Oct2024 01:25:00.165] [modloading-worker-0/INFO] [com.teampotato.redirector.Redirector/]: Redirecting net/minecraft/world/entity/SpawnPlacements$Type
[19Oct2024 01:25:00.176] [modloading-worker-0/INFO] [com.teampotato.redirector.Redirector/]: Redirecting org/valkyrienskies/core/impl/shadow/az
[19Oct2024 01:25:00.179] [modloading-worker-0/INFO] [com.teampotato.redirector.Redirector/]: Redirecting com/networknt/schema/SpecVersion$VersionFlag
[19Oct2024 01:25:00.222] [modloading-worker-0/INFO] [com.teampotato.redirector.Redirector/]: Redirecting org/valkyrienskies/core/impl/shadow/an
[19Oct2024 01:25:00.347] [modloading-worker-0/INFO] [com.teampotato.redirector.Redirector/]: Redirecting org/violetmoon/zeta/network/ZetaNetworkDirection
[19Oct2024 01:25:00.450] [modloading-worker-0/INFO] [Bookshelf/]: Fixing MC-151457. Crafting remainder for minecraft:pufferfish_bucket is now minecraft:bucket.
[19Oct2024 01:25:00.453] [modloading-worker-0/INFO] [Bookshelf/]: Fixing MC-151457. Crafting remainder for minecraft:salmon_bucket is now minecraft:bucket.
[19Oct2024 01:25:00.456] [modloading-worker-0/INFO] [Bookshelf/]: Fixing MC-151457. Crafting remainder for minecraft:cod_bucket is now minecraft:bucket.
[19Oct2024 01:25:00.457] [modloading-worker-0/INFO] [Bookshelf/]: Fixing MC-151457. Crafting remainder for minecraft:tropical_fish_bucket is now minecraft:bucket.
[19Oct2024 01:25:00.459] [modloading-worker-0/INFO] [com.teampotato.redirector.Redirector/]: Redirecting org/valkyrienskies/core/impl/shadow/bc
[19Oct2024 01:25:00.462] [modloading-worker-0/INFO] [Bookshelf/]: Fixing MC-151457. Crafting remainder for minecraft:axolotl_bucket is now minecraft:bucket.
[19Oct2024 01:25:00.464] [modloading-worker-0/INFO] [Bookshelf/]: Fixing MC-151457. Crafting remainder for minecraft:powder_snow_bucket is now minecraft:bucket.
[19Oct2024 01:25:00.467] [modloading-worker-0/INFO] [Bookshelf/]: Fixing MC-151457. Crafting remainder for minecraft:tadpole_bucket is now minecraft:bucket.
[19Oct2024 01:25:00.472] [modloading-worker-0/INFO] [com.teampotato.redirector.Redirector/]: Redirecting rbasamoyai/createbigcannons/config/CBCCfgMunitions$GriefState
[19Oct2024 01:25:00.477] [modloading-worker-0/INFO] [com.teampotato.redirector.Redirector/]: Redirecting rbasamoyai/createbigcannons/munitions/big_cannon/AbstractBigCannonProjectile$TrailType
[19Oct2024 01:25:00.481] [modloading-worker-0/INFO] [com.teampotato.redirector.Redirector/]: Redirecting rbasamoyai/createbigcannons/munitions/autocannon/AbstractAutocannonProjectile$TrailType
[19Oct2024 01:25:00.499] [modloading-worker-0/INFO] [com.teampotato.redirector.Redirector/]: Redirecting net/minecraft/world/inventory/ClickType
[19Oct2024 01:25:00.510] [modloading-worker-0/INFO] [com.teampotato.redirector.Redirector/]: Redirecting org/valkyrienskies/core/impl/shadow/ay
[19Oct2024 01:25:00.535] [modloading-worker-0/INFO] [com.teampotato.redirector.Redirector/]: Redirecting rbasamoyai/createbigcannons/forge/CBCModsForge
[19Oct2024 01:25:00.584] [modloading-worker-0/INFO] [com.teampotato.redirector.Redirector/]: Redirecting org/valkyrienskies/core/impl/config/VSConfigClass$VSConfigClassSide
[19Oct2024 01:25:00.634] [modloading-worker-0/INFO] [com.teampotato.redirector.Redirector/]: Redirecting mods/railcraft/world/entity/vehicle/locomotive/Locomotive$Mode
[19Oct2024 01:25:00.638] [modloading-worker-0/INFO] [com.teampotato.redirector.Redirector/]: Redirecting mods/railcraft/world/entity/vehicle/locomotive/Locomotive$Speed
[19Oct2024 01:25:00.638] [modloading-worker-0/INFO] [com.teampotato.redirector.Redirector/]: Redirecting org/valkyrienskies/core/impl/shadow/b
[19Oct2024 01:25:00.641] [modloading-worker-0/INFO] [com.teampotato.redirector.Redirector/]: Redirecting mods/railcraft/world/entity/vehicle/locomotive/Locomotive$Lock
[19Oct2024 01:25:00.651] [modloading-worker-0/INFO] [com.teampotato.redirector.Redirector/]: Redirecting mods/railcraft/world/entity/vehicle/MaintenanceMinecart$Mode
[19Oct2024 01:25:00.654] [modloading-worker-0/INFO] [com.teampotato.redirector.Redirector/]: Redirecting mods/railcraft/season/Season
[19Oct2024 01:25:00.664] [modloading-worker-0/INFO] [com.teampotato.redirector.Redirector/]: Redirecting com/progwml6/ironshulkerbox/common/item/IronShulkerBoxesUpgradeType
[19Oct2024 01:25:00.667] [modloading-worker-0/INFO] [com.teampotato.redirector.Redirector/]: Redirecting com/progwml6/ironshulkerbox/common/block/IronShulkerBoxesTypes
[19Oct2024 01:25:00.687] [modloading-worker-0/INFO] [com.teampotato.redirector.Redirector/]: Redirecting com/railwayteam/railways/multiloader/Loader
[19Oct2024 01:25:00.698] [modloading-worker-0/INFO] [Railways/]: Steam 'n' Rails v1.6.6 initializing! Commit hash: 15e0d2e30a55c9e758ed4bb09c9b911e5b5e42a0 Create version: 0.5.1h on platform: Forge
[19Oct2024 01:25:00.832] [modloading-worker-0/INFO] [com.teampotato.redirector.Redirector/]: Redirecting org/valkyrienskies/physics_api_krunch/SolverType
[19Oct2024 01:25:00.833] [modloading-worker-0/INFO] [com.teampotato.redirector.Redirector/]: Redirecting it/hurts/sskirillss/relics/network/packets/leveling/PacketRelicTweak$Operation
[19Oct2024 01:25:00.849] [modloading-worker-0/INFO] [com.teampotato.redirector.Redirector/]: Redirecting it/hurts/sskirillss/relics/network/packets/PacketSyncEntityEffects$Action
[19Oct2024 01:25:00.856] [modloading-worker-0/INFO] [com.teampotato.redirector.Redirector/]: Redirecting net/p3pp3rf1y/sophisticatedcore/upgrades/feeding/HungerLevel
[19Oct2024 01:25:00.865] [modloading-worker-0/INFO] [com.teampotato.redirector.Redirector/]: Redirecting tschipp/carryon/config/PropertyType
[19Oct2024 01:25:00.866] [modloading-worker-0/INFO] [com.teampotato.redirector.Redirector/]: Redirecting it/hurts/sskirillss/relics/items/relics/base/data/cast/misc/CastType
[19Oct2024 01:25:00.871] [modloading-worker-0/INFO] [com.teampotato.redirector.Redirector/]: Redirecting it/hurts/sskirillss/relics/items/relics/base/data/cast/misc/CastStage
[19Oct2024 01:25:00.918] [modloading-worker-0/INFO] [com.teampotato.redirector.Redirector/]: Redirecting net/p3pp3rf1y/sophisticatedbackpacks/upgrades/refill/RefillUpgradeWrapper$TargetSlot
[19Oct2024 01:25:00.945] [modloading-worker-0/INFO] [com.teampotato.redirector.Redirector/]: Redirecting com/fasterxml/jackson/databind/node/JsonNodeType
[19Oct2024 01:25:00.975] [modloading-worker-0/INFO] [Create: Interiors/]: Create: Interiors v0.5.6 initializing! Create version: 0.5.1h on platform: Forge
[19Oct2024 01:25:00.977] [modloading-worker-0/INFO] [com.teampotato.redirector.Redirector/]: Redirecting org/valkyrienskies/core/impl/shadow/aa
[19Oct2024 01:25:00.986] [modloading-worker-0/INFO] [com.teampotato.redirector.Redirector/]: Redirecting net/p3pp3rf1y/sophisticatedbackpacks/upgrades/inception/InventoryOrder
[19Oct2024 01:25:00.997] [modloading-worker-0/INFO] [com.teampotato.redirector.Redirector/]: Redirecting com/networknt/schema/ValidatorTypeCode
[19Oct2024 01:25:01.024] [modloading-worker-0/INFO] [com.teampotato.redirector.Redirector/]: Redirecting com/networknt/schema/VersionCode
[19Oct2024 01:25:01.028] [modloading-worker-0/INFO] [com.teampotato.redirector.Redirector/]: Redirecting top/theillusivec4/curios/api/type/capability/ICurio$DropRule
[19Oct2024 01:25:01.039] [modloading-worker-0/INFO] [com.teampotato.redirector.Redirector/]: Redirecting net/p3pp3rf1y/sophisticatedbackpacks/upgrades/toolswapper/ToolSwapMode
[19Oct2024 01:25:01.050] [modloading-worker-0/INFO] [com.teampotato.redirector.Redirector/]: Redirecting com/endertech/minecraft/mods/adpother/init/Pollutants$BuiltIn
[19Oct2024 01:25:01.065] [modloading-worker-0/INFO] [com.teampotato.redirector.Redirector/]: Redirecting com/sudolev/interiors/content/block/chair/ChairBlock$ArmrestConfiguration
[19Oct2024 01:25:01.074] [modloading-worker-0/INFO] [com.teampotato.redirector.Redirector/]: Redirecting com/fasterxml/jackson/annotation/PropertyAccessor
[19Oct2024 01:25:01.078] [modloading-worker-0/INFO] [com.teampotato.redirector.Redirector/]: Redirecting net/p3pp3rf1y/sophisticatedcore/upgrades/xppump/AutomationDirection
[19Oct2024 01:25:01.081] [modloading-worker-0/INFO] [com.teampotato.redirector.Redirector/]: Redirecting com/fasterxml/jackson/databind/AnnotationIntrospector$ReferenceProperty$Type
[19Oct2024 01:25:01.098] [modloading-worker-0/INFO] [com.teampotato.redirector.Redirector/]: Redirecting com/fasterxml/jackson/annotation/JsonProperty$Access
[19Oct2024 01:25:01.111] [modloading-worker-0/INFO] [com.teampotato.redirector.Redirector/]: Redirecting com/railwayteam/railways/registry/CRTags$AllItemTags
[19Oct2024 01:25:01.127] [modloading-worker-0/INFO] [com.teampotato.redirector.Redirector/]: Redirecting com/railwayteam/railways/registry/CRTags$NameSpace
[19Oct2024 01:25:01.198] [modloading-worker-0/INFO] [com.teampotato.redirector.Redirector/]: Redirecting org/valkyrienskies/core/impl/shadow/ac$b
[19Oct2024 01:25:01.204] [modloading-worker-0/INFO] [com.teampotato.redirector.Redirector/]: Redirecting org/valkyrienskies/core/impl/shadow/ac$a
[19Oct2024 01:25:01.260] [modloading-worker-0/INFO] [com.teampotato.redirector.Redirector/]: Redirecting com/fasterxml/jackson/core/StreamWriteCapability
[19Oct2024 01:25:01.311] [modloading-worker-0/INFO] [com.teampotato.redirector.Redirector/]: Redirecting com/fasterxml/jackson/core/StreamReadCapability
[19Oct2024 01:25:01.316] [modloading-worker-0/INFO] [com.teampotato.redirector.Redirector/]: Redirecting com/fasterxml/jackson/core/JsonToken
[19Oct2024 01:25:01.339] [modloading-worker-0/INFO] [com.teampotato.redirector.Redirector/]: Redirecting com/networknt/schema/JsonType
[19Oct2024 01:25:01.371] [modloading-worker-0/INFO] [com.teampotato.redirector.Redirector/]: Redirecting com/railwayteam/railways/content/custom_bogeys/blocks/narrow/NarrowGaugeBogeyBlock$NarrowGaugeStandardStyle
[19Oct2024 01:25:01.423] [modloading-worker-0/INFO] [com.teampotato.redirector.Redirector/]: Redirecting com/fasterxml/jackson/databind/cfg/ConstructorDetector$SingleArgConstructor
[19Oct2024 01:25:01.457] [modloading-worker-0/INFO] [com.teampotato.redirector.Redirector/]: Redirecting com/fasterxml/jackson/annotation/JsonFormat$Feature
[19Oct2024 01:25:01.509] [modloading-worker-0/INFO] [com.teampotato.redirector.Redirector/]: Redirecting com/endertech/minecraft/mods/adpother/init/Materials
[19Oct2024 01:25:01.605] [modloading-worker-0/INFO] [com.teampotato.redirector.Redirector/]: Redirecting com/fasterxml/jackson/databind/util/AccessPattern
[19Oct2024 01:25:01.677] [modloading-worker-0/INFO] [com.teampotato.redirector.Redirector/]: Redirecting com/railwayteam/railways/content/smokestack/block/SmokeStackBlock$RotationType
[19Oct2024 01:25:01.860] [modloading-worker-0/INFO] [com.teampotato.redirector.Redirector/]: Redirecting com/hlysine/create_connected/config/FeatureCategory
[19Oct2024 01:25:01.908] [modloading-worker-0/INFO] [com.teampotato.redirector.Redirector/]: Redirecting com/endertech/minecraft/mods/adpother/init/Emitters$BuiltInEmitters
[19Oct2024 01:25:02.012] [modloading-worker-0/INFO] [com.teampotato.redirector.Redirector/]: Redirecting com/railwayteam/railways/content/smokestack/SmokestackStyle
[19Oct2024 01:25:02.100] [modloading-worker-0/INFO] [com.teampotato.redirector.Redirector/]: Redirecting com/railwayteam/railways/multiloader/Env
[19Oct2024 01:25:02.164] [modloading-worker-0/INFO] [com.teampotato.redirector.Redirector/]: Redirecting net/minecraft/world/inventory/RecipeBookType
[19Oct2024 01:25:02.220] [modloading-worker-0/INFO] [com.teampotato.redirector.Redirector/]: Redirecting com/hlysine/create_connected/compat/Mods
[19Oct2024 01:25:02.265] [modloading-worker-0/INFO] [com.teampotato.redirector.Redirector/]: Redirecting com/railwayteam/railways/content/buffer/single_deco/LinkPinBlock$Style
[19Oct2024 01:25:02.298] [modloading-worker-0/INFO] [com.teampotato.redirector.Redirector/]: Redirecting com/railwayteam/railways/content/buffer/headstock/HeadstockStyle
[19Oct2024 01:25:02.333] [modloading-worker-0/INFO] [com.teampotato.redirector.Redirector/]: Redirecting com/hlysine/create_connected/CCTags$Items
[19Oct2024 01:25:02.337] [modloading-worker-0/INFO] [com.teampotato.redirector.Redirector/]: Redirecting com/hlysine/create_connected/CCTags$NameSpace
[19Oct2024 01:25:02.355] [modloading-worker-0/INFO] [com.teampotato.redirector.Redirector/]: Redirecting dev/xkmc/cuisinedelight/init/registrate/PlateFood
[19Oct2024 01:25:02.405] [modloading-worker-0/INFO] [Railways/]: Registered bogey styles from railways
[19Oct2024 01:25:02.436] [modloading-worker-0/INFO] [com.teampotato.redirector.Redirector/]: Redirecting com/faboslav/friendsandfoes/common/entity/pose/CopperGolemEntityPose
[19Oct2024 01:25:02.462] [modloading-worker-0/INFO] [com.teampotato.redirector.Redirector/]: Redirecting com/faboslav/friendsandfoes/common/entity/pose/RascalEntityPose
[19Oct2024 01:25:02.470] [modloading-worker-0/INFO] [com.teampotato.redirector.Redirector/]: Redirecting dev/xkmc/cuisinedelight/init/data/LangData
[19Oct2024 01:25:02.475] [modloading-worker-0/INFO] [com.teampotato.redirector.Redirector/]: Redirecting com/faboslav/friendsandfoes/common/entity/pose/TuffGolemEntityPose
[19Oct2024 01:25:02.480] [modloading-worker-0/INFO] [com.teampotato.redirector.Redirector/]: Redirecting com/faboslav/friendsandfoes/common/entity/pose/CrabEntityPose
[19Oct2024 01:25:02.635] [modloading-worker-0/INFO] [com.teampotato.redirector.Redirector/]: Redirecting com/hlysine/create_connected/content/fluidvessel/FluidVesselBlock$WindowType
[19Oct2024 01:25:02.693] [modloading-worker-0/INFO] [com.teampotato.redirector.Redirector/]: Redirecting com/hlysine/create_connected/CCPackets
[19Oct2024 01:25:02.745] [modloading-worker-0/INFO] [com.teampotato.redirector.Redirector/]: Redirecting com/railwayteam/railways/registry/CRPalettes$Styles
[19Oct2024 01:25:02.760] [modloading-worker-0/INFO] [com.teampotato.redirector.Redirector/]: Redirecting com/railwayteam/railways/registry/CRTags$AllBlockTags
[19Oct2024 01:25:02.776] [modloading-worker-0/INFO] [com.teampotato.redirector.Redirector/]: Redirecting com/fasterxml/jackson/annotation/JsonCreator$Mode
[19Oct2024 01:25:02.783] [modloading-worker-0/INFO] [com.teampotato.redirector.Redirector/]: Redirecting mrtjp/projectred/integration/GateType
[19Oct2024 01:25:02.792] [modloading-worker-0/INFO] [com.teampotato.redirector.Redirector/]: Redirecting org/valkyrienskies/mod/mixinducks/feature/mass_tooltip/MassTooltipVisibility
[19Oct2024 01:25:02.792] [modloading-worker-0/INFO] [mod.alexndr.simplecorelib.SimpleCoreLib/]: Hello from SimpleCoreLib!
[19Oct2024 01:25:02.831] [modloading-worker-0/INFO] [com.teampotato.redirector.Redirector/]: Redirecting com/railwayteam/railways/registry/CRPalettes$Wrapping
[19Oct2024 01:25:02.918] [modloading-worker-0/INFO] [com.teampotato.redirector.Redirector/]: Redirecting vazkii/patchouli/api/PatchouliConfigAccess$TextOverflowMode
[19Oct2024 01:25:02.939] [modloading-worker-0/INFO] [com.teampotato.redirector.Redirector/]: Redirecting com/cerbon/cerbons_api/api/multipart_entities/client/PlayerInteractMultipartEntity$InteractionType
[19Oct2024 01:25:02.951] [modloading-worker-0/INFO] [com.teampotato.redirector.Redirector/]: Redirecting com/valkyrieofnight/vlibmc/util/side/Side
[19Oct2024 01:25:03.151] [modloading-worker-0/INFO] [Spartan Weaponry/]: Constructing Mod: Spartan Weaponry
[19Oct2024 01:25:03.153] [modloading-worker-0/INFO] [Spartan Weaponry/]: Initialising API! Version: 11
[19Oct2024 01:25:03.160] [modloading-worker-0/INFO] [Spartan Weaponry/]: Spartan Weaponry API version 11 has been initalized!
[19Oct2024 01:25:03.203] [modloading-worker-0/INFO] [com.teampotato.redirector.Redirector/]: Redirecting dev/xkmc/twilightdelight/init/registrate/TDBlocks$WoodTypes
[19Oct2024 01:25:03.354] [modloading-worker-0/INFO] [com.teampotato.redirector.Redirector/]: Redirecting dev/xkmc/twilightdelight/init/registrate/delight/DelightFood
[19Oct2024 01:25:03.361] [modloading-worker-0/INFO] [com.teampotato.redirector.Redirector/]: Redirecting dev/xkmc/twilightdelight/init/registrate/delight/DelightFoodType
[19Oct2024 01:25:03.377] [modloading-worker-0/INFO] [com.teampotato.redirector.Redirector/]: Redirecting dev/xkmc/twilightdelight/init/registrate/delight/DelightFoodClassType
[19Oct2024 01:25:03.498] [modloading-worker-0/INFO] [com.teampotato.redirector.Redirector/]: Redirecting dev/xkmc/twilightdelight/init/registrate/delight/DelightPie
[19Oct2024 01:25:03.523] [modloading-worker-0/INFO] [com.teampotato.redirector.Redirector/]: Redirecting dev/xkmc/twilightdelight/init/data/LangData
[19Oct2024 01:25:03.573] [modloading-worker-0/INFO] [Railways/]: Registering data fixers
[19Oct2024 01:25:03.609] [modloading-worker-0/INFO] [dev.architectury.networking.forge.NetworkManagerImpl/]: Registering C2S receiver with id architectury:sync_ids
[19Oct2024 01:25:03.651] [modloading-worker-0/INFO] [com.teampotato.redirector.Redirector/]: Redirecting com/oblivioussp/spartanweaponry/client/gui/AlignmentHelper$Alignment
[19Oct2024 01:25:03.657] [modloading-worker-0/INFO] [com.teampotato.redirector.Redirector/]: Redirecting com/oblivioussp/spartanweaponry/client/gui/AlignmentHelper$VerticalAlignment
[19Oct2024 01:25:03.660] [modloading-worker-0/INFO] [com.teampotato.redirector.Redirector/]: Redirecting com/oblivioussp/spartanweaponry/client/gui/AlignmentHelper$HorizontalAlignment
[19Oct2024 01:25:03.668] [modloading-worker-0/INFO] [dev.architectury.networking.forge.NetworkManagerImpl/]: Registering C2S receiver with id ftblibrary:edit_nbt_response
[19Oct2024 01:25:03.788] [modloading-worker-0/INFO] [com.teampotato.redirector.Redirector/]: Redirecting dev/ftb/mods/ftbquests/FTBQuestsAPIImpl
[19Oct2024 01:25:03.790] [modloading-worker-0/INFO] [com.teampotato.redirector.Redirector/]: Redirecting dev/ftb/mods/ftbteams/FTBTeamsAPIImpl
[19Oct2024 01:25:03.901] [modloading-worker-0/INFO] [com.teampotato.redirector.Redirector/]: Redirecting net/satisfy/farm_and_charm/registry/EntityTypeRegistry
[19Oct2024 01:25:03.943] [modloading-worker-0/INFO] [dev.architectury.networking.forge.NetworkManagerImpl/]: Registering C2S receiver with id ftbteams:open_gui
[19Oct2024 01:25:03.961] [modloading-worker-0/INFO] [com.teampotato.redirector.Redirector/]: Redirecting dev/ftb/mods/ftbquests/integration/RecipeModHelper$Components
[19Oct2024 01:25:03.963] [modloading-worker-0/INFO] [dev.architectury.networking.forge.NetworkManagerImpl/]: Registering C2S receiver with id ftbteams:update_settings
[19Oct2024 01:25:03.976] [modloading-worker-0/INFO] [dev.architectury.networking.forge.NetworkManagerImpl/]: Registering C2S receiver with id ftbteams:send_message
[19Oct2024 01:25:03.992] [modloading-worker-0/INFO] [dev.architectury.networking.forge.NetworkManagerImpl/]: Registering C2S receiver with id ftbteams:create_party
[19Oct2024 01:25:04.015] [modloading-worker-0/INFO] [com.teampotato.redirector.Redirector/]: Redirecting dev/ftb/mods/ftbteams/net/PlayerGUIOperationMessage$Operation
[19Oct2024 01:25:04.017] [modloading-worker-0/INFO] [dev.architectury.networking.forge.NetworkManagerImpl/]: Registering C2S receiver with id ftbteams:player_gui_operation
[19Oct2024 01:25:04.032] [modloading-worker-0/INFO] [com.cupboard.Cupboard/]: Loaded config for: cupboard.json
[19Oct2024 01:25:04.132] [modloading-worker-0/INFO] [ModernFix/]: Bypassed Mojang DFU
[19Oct2024 01:25:04.134] [modloading-worker-0/INFO] [ModernFix/]: Instantiating Mojang DFU
[19Oct2024 01:25:04.208] [modloading-worker-0/INFO] [com.teampotato.redirector.Redirector/]: Redirecting dev/ftb/mods/ftbquests/quest/task/ObservationTask$ObserveType
[19Oct2024 01:25:04.208] [modloading-worker-0/INFO] [dev.architectury.networking.forge.NetworkManagerImpl/]: Registering C2S receiver with id brewery:alcohol_sync_request
[19Oct2024 01:25:04.212] [modloading-worker-0/INFO] [dev.architectury.networking.forge.NetworkManagerImpl/]: Registering C2S receiver with id brewery:drink_alcohol
[19Oct2024 01:25:04.218] [modloading-worker-0/INFO] [com.teampotato.redirector.Redirector/]: Redirecting net/satisfy/brewery/block/property/BrewMaterial
[19Oct2024 01:25:04.256] [modloading-worker-0/INFO] [com.teampotato.redirector.Redirector/]: Redirecting twilightforest/util/MagicPaintingVariant$Layer$Parallax$Type
[19Oct2024 01:25:04.264] [modloading-worker-0/INFO] [com.teampotato.redirector.Redirector/]: Redirecting twilightforest/util/MagicPaintingVariant$Layer$OpacityModifier$Type
[19Oct2024 01:25:04.300] [modloading-worker-0/INFO] [com.teampotato.redirector.Redirector/]: Redirecting ttv/migami/jeg/client/screen/ButtonAlignment
[19Oct2024 01:25:04.308] [modloading-worker-0/INFO] [com.teampotato.redirector.Redirector/]: Redirecting ttv/migami/jeg/client/DotRenderMode
[19Oct2024 01:25:04.312] [modloading-worker-0/INFO] [com.teampotato.redirector.Redirector/]: Redirecting ttv/migami/jeg/client/SwayType
[19Oct2024 01:25:04.385] [modloading-worker-0/INFO] [dev.architectury.networking.forge.NetworkManagerImpl/]: Registering C2S receiver with id ftbquests:submit_task
[19Oct2024 01:25:04.395] [modloading-worker-0/INFO] [dev.architectury.networking.forge.NetworkManagerImpl/]: Registering C2S receiver with id ftbquests:claim_reward
[19Oct2024 01:25:04.411] [modloading-worker-0/INFO] [dev.architectury.networking.forge.NetworkManagerImpl/]: Registering C2S receiver with id ftbquests:get_emergency_items
[19Oct2024 01:25:04.424] [modloading-worker-0/INFO] [dev.architectury.networking.forge.NetworkManagerImpl/]: Registering C2S receiver with id ftbquests:claim_all_rewards
[19Oct2024 01:25:04.431] [modloading-worker-0/INFO] [dev.architectury.networking.forge.NetworkManagerImpl/]: Registering C2S receiver with id ftbquests:claim_choice_reward
[19Oct2024 01:25:04.460] [modloading-worker-0/INFO] [dev.architectury.networking.forge.NetworkManagerImpl/]: Registering C2S receiver with id ftbquests:toggle_pinned
[19Oct2024 01:25:04.472] [modloading-worker-0/INFO] [dev.architectury.networking.forge.NetworkManagerImpl/]: Registering C2S receiver with id ftbquests:toggle_chapter_pinned
[19Oct2024 01:25:04.483] [modloading-worker-0/INFO] [dev.architectury.networking.forge.NetworkManagerImpl/]: Registering C2S receiver with id ftbquests:toggle_editing_mode
[19Oct2024 01:25:04.488] [modloading-worker-0/INFO] [dev.architectury.networking.forge.NetworkManagerImpl/]: Registering C2S receiver with id ftbquests:force_save
[19Oct2024 01:25:04.501] [modloading-worker-0/INFO] [dev.architectury.networking.forge.NetworkManagerImpl/]: Registering C2S receiver with id ftbquests:set_custom_image
[19Oct2024 01:25:04.507] [modloading-worker-0/INFO] [com.teampotato.redirector.Redirector/]: Redirecting com/github/elenterius/biomancy/init/ModArmorMaterials
[19Oct2024 01:25:04.548] [modloading-worker-0/INFO] [dev.architectury.networking.forge.NetworkManagerImpl/]: Registering C2S receiver with id ftbquests:task_screen_config_resp
[19Oct2024 01:25:04.558] [modloading-worker-0/INFO] [dev.architectury.networking.forge.NetworkManagerImpl/]: Registering C2S receiver with id ftbquests:change_progress
[19Oct2024 01:25:04.563] [modloading-worker-0/INFO] [dev.architectury.networking.forge.NetworkManagerImpl/]: Registering C2S receiver with id ftbquests:create_object
[19Oct2024 01:25:04.577] [modloading-worker-0/INFO] [dev.architectury.networking.forge.NetworkManagerImpl/]: Registering C2S receiver with id ftbquests:create_task_at
[19Oct2024 01:25:04.583] [modloading-worker-0/INFO] [dev.architectury.networking.forge.NetworkManagerImpl/]: Registering C2S receiver with id ftbquests:delete_object
[19Oct2024 01:25:04.595] [modloading-worker-0/INFO] [dev.architectury.networking.forge.NetworkManagerImpl/]: Registering C2S receiver with id ftbquests:edit_object
[19Oct2024 01:25:04.606] [modloading-worker-0/INFO] [dev.architectury.networking.forge.NetworkManagerImpl/]: Registering C2S receiver with id ftbquests:move_chapter
[19Oct2024 01:25:04.615] [modloading-worker-0/INFO] [dev.architectury.networking.forge.NetworkManagerImpl/]: Registering C2S receiver with id ftbquests:move_quest
[19Oct2024 01:25:04.626] [modloading-worker-0/INFO] [dev.architectury.networking.forge.NetworkManagerImpl/]: Registering C2S receiver with id ftbquests:change_chapter_group
[19Oct2024 01:25:04.634] [modloading-worker-0/INFO] [dev.architectury.networking.forge.NetworkManagerImpl/]: Registering C2S receiver with id ftbquests:move_chapter_group
[19Oct2024 01:25:04.650] [modloading-worker-0/INFO] [dev.architectury.networking.forge.NetworkManagerImpl/]: Registering C2S receiver with id ftbquests:copy_quest
[19Oct2024 01:25:04.662] [modloading-worker-0/INFO] [dev.architectury.networking.forge.NetworkManagerImpl/]: Registering C2S receiver with id ftbquests:copy_chapter_image
[19Oct2024 01:25:04.667] [modloading-worker-0/INFO] [dev.architectury.networking.forge.NetworkManagerImpl/]: Registering C2S receiver with id ftbquests:sync_structures_request
[19Oct2024 01:25:04.675] [modloading-worker-0/INFO] [dev.architectury.networking.forge.NetworkManagerImpl/]: Registering C2S receiver with id ftbquests:request_team_data
[19Oct2024 01:25:04.693] [modloading-worker-0/INFO] [com.teampotato.redirector.Redirector/]: Redirecting dev/ftb/mods/ftbquests/FTBQuestsEventHandler
[19Oct2024 01:25:04.750] [modloading-worker-0/INFO] [dev.architectury.networking.forge.NetworkManagerImpl/]: Registering C2S receiver with id polylib:container_packet_server
[19Oct2024 01:25:04.754] [modloading-worker-0/INFO] [dev.architectury.networking.forge.NetworkManagerImpl/]: Registering C2S receiver with id polylib:tile_data_server
[19Oct2024 01:25:04.759] [modloading-worker-0/INFO] [dev.architectury.networking.forge.NetworkManagerImpl/]: Registering C2S receiver with id polylib:tile_packet_server
[19Oct2024 01:25:04.797] [modloading-worker-0/INFO] [com.teampotato.redirector.Redirector/]: Redirecting net/minecraft/world/entity/Entity$RemovalReason
[19Oct2024 01:25:04.800] [modloading-worker-0/INFO] [com.teampotato.redirector.Redirector/]: Redirecting net/minecraft/world/entity/MoverType
[19Oct2024 01:25:04.805] [modloading-worker-0/INFO] [com.teampotato.redirector.Redirector/]: Redirecting net/minecraft/world/entity/Entity$MovementEmission
[19Oct2024 01:25:04.819] [modloading-worker-0/INFO] [com.teampotato.redirector.Redirector/]: Redirecting net/minecraft/commands/arguments/EntityAnchorArgument$Anchor
[19Oct2024 01:25:04.838] [modloading-worker-0/INFO] [com.teampotato.redirector.Redirector/]: Redirecting com/sofodev/armorplus/registry/items/armors/APArmorMaterial
[19Oct2024 01:25:04.868] [modloading-worker-0/INFO] [com.teampotato.redirector.Redirector/]: Redirecting com/sofodev/armorplus/registry/items/armors/APArmorProperties
[19Oct2024 01:25:04.871] [modloading-worker-0/INFO] [com.teampotato.redirector.Redirector/]: Redirecting com/github/elenterius/biomancy/init/ModPotions$PotionVariant
[19Oct2024 01:25:04.881] [modloading-worker-0/INFO] [com.teampotato.redirector.Redirector/]: Redirecting ttv/migami/jeg/client/util/Easings
[19Oct2024 01:25:04.884] [modloading-worker-0/INFO] [com.teampotato.redirector.Redirector/]: Redirecting com/sofodev/armorplus/registry/items/tools/properties/tool/APToolProperties
[19Oct2024 01:25:04.887] [modloading-worker-0/INFO] [com.teampotato.redirector.Redirector/]: Redirecting com/sofodev/armorplus/registry/blocks/castle/BrickColor
[19Oct2024 01:25:04.891] [modloading-worker-0/INFO] [com.teampotato.redirector.Redirector/]: Redirecting com/sofodev/armorplus/registry/items/tools/properties/mace/APMaceMaterial
[19Oct2024 01:25:04.896] [modloading-worker-0/INFO] [com.teampotato.redirector.Redirector/]: Redirecting com/sofodev/armorplus/registry/items/tools/properties/tool/APToolMaterial
[19Oct2024 01:25:04.917] [modloading-worker-0/INFO] [com.teampotato.redirector.Redirector/]: Redirecting com/sofodev/armorplus/registry/items/APRarity
[19Oct2024 01:25:04.922] [modloading-worker-0/INFO] [com.teampotato.redirector.Redirector/]: Redirecting com/sofodev/armorplus/registry/items/tools/properties/mace/APMaceType
[19Oct2024 01:25:04.926] [modloading-worker-0/INFO] [com.teampotato.redirector.Redirector/]: Redirecting com/sofodev/armorplus/registry/items/tools/properties/mace/DestructionShape
[19Oct2024 01:25:04.928] [modloading-worker-0/INFO] [com.teampotato.redirector.Redirector/]: Redirecting com/github/elenterius/biomancy/config/PrimalEnergySettings$SupplyAmount
[19Oct2024 01:25:04.941] [modloading-worker-0/INFO] [Biomancy/ModsCompatHandler]: Initialize Modonomicon integration...
[19Oct2024 01:25:04.946] [modloading-worker-0/INFO] [com.teampotato.redirector.Redirector/]: Redirecting dev/ftb/mods/ftblibrary/config/Tristate
[19Oct2024 01:25:04.978] [modloading-worker-0/INFO] [com.teampotato.redirector.Redirector/]: Redirecting com/lothrazar/cyclic/registry/CommandRegistry$CyclicCommands
[19Oct2024 01:25:05.024] [modloading-worker-0/INFO] [com.teampotato.redirector.Redirector/]: Redirecting com/simibubi/create/foundation/config/ui/ConfigAnnotations$RequiresRestart
[19Oct2024 01:25:05.136] [modloading-worker-0/INFO] [com.teampotato.redirector.Redirector/]: Redirecting dev/mayaqq/estrogen/utils/EstrogenColors
[19Oct2024 01:25:05.318] [modloading-worker-0/INFO] [com.teampotato.redirector.Redirector/]: Redirecting com/simibubi/create/AllTags$AllFluidTags
[19Oct2024 01:25:05.322] [modloading-worker-0/INFO] [com.teampotato.redirector.Redirector/]: Redirecting com/mrcrayfish/framework/api/config/ConfigType
[19Oct2024 01:25:05.323] [modloading-worker-0/INFO] [com.teampotato.redirector.Redirector/]: Redirecting com/simibubi/create/AllTags$AllEntityTags
[19Oct2024 01:25:05.325] [modloading-worker-0/INFO] [com.teampotato.redirector.Redirector/]: Redirecting com/mrcrayfish/framework/api/Environment
[19Oct2024 01:25:05.327] [modloading-worker-0/INFO] [com.teampotato.redirector.Redirector/]: Redirecting com/simibubi/create/AllTags$AllRecipeSerializerTags
[19Oct2024 01:25:05.339] [modloading-worker-0/INFO] [com.teampotato.redirector.Redirector/]: Redirecting forge/net/mca/entity/ai/relationship/AgeState
[19Oct2024 01:25:05.351] [modloading-worker-0/INFO] [com.teampotato.redirector.Redirector/]: Redirecting com/teamresourceful/resourcefullib/common/networking/base/NetworkDirection
[19Oct2024 01:25:05.390] [modloading-worker-0/INFO] [com.teampotato.redirector.Redirector/]: Redirecting forge/net/mca/entity/ReaperAttackState
[19Oct2024 01:25:05.394] [modloading-worker-0/WARN] [net.minecraftforge.common.ForgeConfigSpec/CORE]: Configuration file /mcserver/config/cyclic.toml is not correct. Correcting
[19Oct2024 01:25:05.400] [modloading-worker-0/WARN] [net.minecraftforge.common.ForgeConfigSpec/CORE]: Incorrect key cyclic.blocks.facades.itemsNotAllowed was corrected from [minecraft:ladder, minecraft:double_plant, minecraft:waterlily, minecraft:torch, minecraft:*_torch, minecraft:redstone, minecraft:iron_bars, minecraft:chest, minecraft:ender_chest, minecraft:sculk_vein, minecraft:string, minecraft:vine, minecraft:rail, minecraft:*_rail, minecraft:brewing_stand, minecraft:*_dripleaf, minecraft:*_pane, minecraft:*_sapling, minecraft:*_sign, minecraft:*_door, minecraft:*_banner, minecraft:*_shulker_box, cyclic:*_pipe, cyclic:*_bars, storagenetwork:*] to its default, [minecraft:ladder, minecraft:double_plant, minecraft:waterlily, minecraft:torch, minecraft:*_torch, minecraft:redstone, minecraft:iron_bars, minecraft:chest, minecraft:ender_chest, minecraft:sculk_vein, minecraft:string, minecraft:vine, minecraft:rail, minecraft:*_rail, minecraft:brewing_stand, minecraft:*_dripleaf, minecraft:*_pane, minecraft:*_sapling, minecraft:*_sign, minecraft:*_door, minecraft:*_banner, minecraft:*_shulker_box, cyclic:*_pipe, cyclic:*_bars, storagenetwork:*]. 
[19Oct2024 01:25:05.431] [modloading-worker-0/INFO] [com.teampotato.redirector.Redirector/]: Redirecting dev/mayaqq/estrogen/registry/EstrogenProcessingRecipes
[19Oct2024 01:25:05.446] [modloading-worker-0/INFO] [Estrogen/]: Injecting Estrogen into your veins!
[19Oct2024 01:25:05.454] [modloading-worker-0/INFO] [com.teampotato.redirector.Redirector/]: Redirecting com/mrcrayfish/framework/platform/services/IPlatformHelper$Platform
[19Oct2024 01:25:05.518] [modloading-worker-0/INFO] [creategoggles/]: CreateGoggles init
[19Oct2024 01:25:05.522] [modloading-worker-0/INFO] [creategoggles/]: cgblocks
[19Oct2024 01:25:05.529] [modloading-worker-0/INFO] [creategoggles/]: cgitems
[19Oct2024 01:25:05.594] [modloading-worker-0/INFO] [creategoggles/]: cgblockentities
[19Oct2024 01:25:05.603] [modloading-worker-0/INFO] [creategoggles/]: ResourceKey[minecraft:trim_pattern / creategoggles:goggle]
[19Oct2024 01:25:05.604] [modloading-worker-0/INFO] [creategoggles/]: ResourceKey[minecraft:trim_material / creategoggles:goggle_material]
[19Oct2024 01:25:05.606] [modloading-worker-0/INFO] [creategoggles/]: ResourceKey[minecraft:root / minecraft:trim_pattern]
[19Oct2024 01:25:05.642] [modloading-worker-0/INFO] [creategoggles/]: CGItemModifiers register false
[19Oct2024 01:25:05.659] [modloading-worker-0/INFO] [creategoggles/]: CreateGogglesForge init
[19Oct2024 01:25:05.663] [modloading-worker-0/INFO] [com.teampotato.redirector.Redirector/]: Redirecting com/robocraft999/creategoggles/registry/ModCompat
[19Oct2024 01:25:05.673] [modloading-worker-0/INFO] [com.teampotato.redirector.Redirector/]: Redirecting com/simibubi/create/content/kinetics/clock/CuckooClockBlockEntity$Animation
[19Oct2024 01:25:05.711] [modloading-worker-0/INFO] [com.mojang.datafixers.DataFixerBuilder/]: 0 Datafixer optimizations took 0 milliseconds
[19Oct2024 01:25:05.741] [modloading-worker-0/INFO] [Railways/]: Registering tracks for Hex Casting
[19Oct2024 01:25:05.744] [modloading-worker-0/INFO] [com.teampotato.redirector.Redirector/]: Redirecting com/simibubi/create/content/kinetics/belt/BeltBlockEntity$CasingType
[19Oct2024 01:25:05.748] [modloading-worker-0/INFO] [Railways/]: Registering tracks for Oh The Biomes You'll Go
[19Oct2024 01:25:05.753] [modloading-worker-0/INFO] [Railways/]: Registering tracks for Blue Skies
[19Oct2024 01:25:05.757] [modloading-worker-0/INFO] [Railways/]: Registering tracks for Twilight Forest
[19Oct2024 01:25:05.806] [modloading-worker-0/INFO] [com.teampotato.redirector.Redirector/]: Redirecting com/simibubi/create/content/kinetics/mechanicalArm/ArmBlockEntity$Phase
[19Oct2024 01:25:05.871] [modloading-worker-0/INFO] [Railways/]: Registering tracks for Biomes O' Plenty
[19Oct2024 01:25:05.874] [modloading-worker-0/INFO] [Railways/]: Registering tracks for Nature's Spirit
[19Oct2024 01:25:05.878] [modloading-worker-0/INFO] [Railways/]: Registering tracks for Dreams and Desires
[19Oct2024 01:25:05.881] [modloading-worker-0/INFO] [Railways/]: Registering tracks for Quark
[19Oct2024 01:25:05.918] [modloading-worker-0/INFO] [Railways/]: Registering tracks for TerraFirmaCraft
[19Oct2024 01:25:05.999] [modloading-worker-0/INFO] [com.teampotato.redirector.Redirector/]: Redirecting com/railwayteam/railways/content/smokestack/SmokeType
[19Oct2024 01:25:06.003] [modloading-worker-0/INFO] [com.teampotato.redirector.Redirector/]: Redirecting com/railwayteam/railways/content/smokestack/particles/legacy/SmokeParticle$SmokeQuality
[19Oct2024 01:25:06.056] [modloading-worker-0/INFO] [com.teampotato.redirector.Redirector/]: Redirecting com/railwayteam/railways/registry/CRParticleTypes
[19Oct2024 01:25:06.060] [modloading-worker-0/INFO] [com.teampotato.redirector.Redirector/]: Redirecting com/simibubi/create/content/kinetics/deployer/DeployerBlockEntity$State
[19Oct2024 01:25:06.136] [modloading-worker-0/INFO] [com.teampotato.redirector.Redirector/]: Redirecting org/valkyrienskies/clockwork/ClockworkParticles
[19Oct2024 01:25:06.220] [modloading-worker-0/INFO] [com.teampotato.redirector.Redirector/]: Redirecting com/simibubi/create/content/logistics/depot/EjectorBlockEntity$State
[19Oct2024 01:25:06.241] [modloading-worker-0/INFO] [com.teampotato.redirector.Redirector/]: Redirecting net/creeperhost/ftbbackups/config/RetentionMode
[19Oct2024 01:25:06.285] [modloading-worker-0/INFO] [com.teampotato.redirector.Redirector/]: Redirecting net/creeperhost/ftbbackups/config/Format
[19Oct2024 01:25:06.307] [modloading-worker-0/INFO] [com.teampotato.redirector.Redirector/]: Redirecting org/valkyrienskies/clockwork/ClockworkPackets
[19Oct2024 01:25:06.455] [modloading-worker-0/INFO] [com.teampotato.redirector.Redirector/]: Redirecting com/simibubi/create/content/trains/signal/SignalBlockEntity$OverlayState
[19Oct2024 01:25:06.485] [modloading-worker-0/INFO] [com.teampotato.redirector.Redirector/]: Redirecting com/davenonymous/bonsaitrees3/registry/soil/SoilInfo$SoilType
[19Oct2024 01:25:06.490] [modloading-worker-0/INFO] [com.teampotato.redirector.Redirector/]: Redirecting com/simibubi/create/AllRecipeTypes
[19Oct2024 01:25:06.490] [modloading-worker-0/INFO] [com.teampotato.redirector.Redirector/]: Redirecting org/valkyrienskies/clockwork/ClockworkTags$AllBlockTags
[19Oct2024 01:25:06.502] [modloading-worker-0/INFO] [com.teampotato.redirector.Redirector/]: Redirecting org/valkyrienskies/clockwork/ClockworkTags$NameSpace
[19Oct2024 01:25:06.585] [modloading-worker-0/INFO] [com.teampotato.redirector.Redirector/]: Redirecting com/simibubi/create/AllParticleTypes
[19Oct2024 01:25:06.609] [modloading-worker-0/INFO] [com.teampotato.redirector.Redirector/]: Redirecting com/teamabnormals/blueprint/common/world/storage/tracking/SyncType
[19Oct2024 01:25:06.629] [modloading-worker-0/INFO] [com.teampotato.redirector.Redirector/]: Redirecting com/simibubi/create/AllPackets
[19Oct2024 01:25:06.639] [modloading-worker-0/INFO] [com.teampotato.redirector.Redirector/]: Redirecting com/simibubi/create/content/schematics/cannon/ConfigureSchematicannonPacket$Option
[19Oct2024 01:25:06.740] [modloading-worker-0/INFO] [com.teampotato.redirector.Redirector/]: Redirecting krelox/spartantoolkit/WeaponType
[19Oct2024 01:25:06.760] [modloading-worker-0/INFO] [com.teampotato.redirector.Redirector/]: Redirecting com/oblivioussp/spartanweaponry/api/trait/WeaponTrait$TraitQuality
[19Oct2024 01:25:06.796] [modloading-worker-0/INFO] [com.teampotato.redirector.Redirector/]: Redirecting net/creeperhost/ftbbackups/repack/org/quartz/Trigger$TriggerState
[19Oct2024 01:25:06.832] [modloading-worker-0/INFO] [com.teampotato.redirector.Redirector/]: Redirecting net/creeperhost/ftbbackups/repack/org/quartz/Trigger$CompletedExecutionInstruction
[19Oct2024 01:25:06.875] [modloading-worker-0/INFO] [com.teampotato.redirector.Redirector/]: Redirecting com/drmangotea/tfmg/registry/TFMGTags$TFMGFluidTags
[19Oct2024 01:25:06.880] [modloading-worker-0/INFO] [com.teampotato.redirector.Redirector/]: Redirecting com/drmangotea/tfmg/registry/TFMGTags$NameSpace
[19Oct2024 01:25:06.883] [modloading-worker-0/INFO] [com.teampotato.redirector.Redirector/]: Redirecting com/drmangotea/tfmg/registry/TFMGTags$TFMGRecipeSerializerTags
[19Oct2024 01:25:06.891] [modloading-worker-0/INFO] [net.creeperhost.ftbbackups.repack.org.quartz.impl.StdSchedulerFactory/]: Using default implementation for ThreadExecutor
[19Oct2024 01:25:06.956] [modloading-worker-0/INFO] [com.teampotato.redirector.Redirector/]: Redirecting com/faboslav/friendsandfoes/common/modcompat/ModCompat$Type
[19Oct2024 01:25:06.992] [modloading-worker-0/INFO] [com.teampotato.redirector.Redirector/]: Redirecting com/simibubi/create/infrastructure/config/CClient$PlacementIndicatorSetting
[19Oct2024 01:25:07.001] [modloading-worker-0/INFO] [com.teampotato.redirector.Redirector/]: Redirecting com/simibubi/create/foundation/config/ui/ConfigAnnotations$IntDisplay
[19Oct2024 01:25:07.016] [modloading-worker-0/INFO] [net.creeperhost.ftbbackups.repack.org.quartz.core.SchedulerSignalerImpl/]: Initialized Scheduler Signaller of type: class net.creeperhost.ftbbackups.repack.org.quartz.core.SchedulerSignalerImpl
[19Oct2024 01:25:07.019] [modloading-worker-0/INFO] [net.creeperhost.ftbbackups.repack.org.quartz.core.QuartzScheduler/]: Quartz Scheduler v.2.0.2 created.
[19Oct2024 01:25:07.024] [modloading-worker-0/INFO] [com.teampotato.redirector.Redirector/]: Redirecting com/simibubi/create/infrastructure/config/CKinetics$DeployerAggroSetting
[19Oct2024 01:25:07.027] [modloading-worker-0/INFO] [net.creeperhost.ftbbackups.repack.org.quartz.simpl.RAMJobStore/]: RAMJobStore initialized.
[19Oct2024 01:25:07.029] [modloading-worker-0/INFO] [com.teampotato.redirector.Redirector/]: Redirecting com/simibubi/create/content/contraptions/ContraptionMovementSetting
[19Oct2024 01:25:07.038] [modloading-worker-0/INFO] [net.creeperhost.ftbbackups.repack.org.quartz.core.QuartzScheduler/]: Scheduler meta-data: Quartz Scheduler (v2.0.2) 'ftbbackups2' with instanceId 'NON_CLUSTERED'
  Scheduler class: 'net.creeperhost.ftbbackups.repack.org.quartz.core.QuartzScheduler' - running locally.
  NOT STARTED.
  Currently in standby mode.
  Number of jobs executed: 0
  Using thread pool 'net.creeperhost.ftbbackups.repack.org.quartz.simpl.SimpleThreadPool' - with 1 threads.
  Using job-store 'net.creeperhost.ftbbackups.repack.org.quartz.simpl.RAMJobStore' - which does not support persistence. and is not clustered.

[19Oct2024 01:25:07.040] [modloading-worker-0/INFO] [net.creeperhost.ftbbackups.repack.org.quartz.impl.StdSchedulerFactory/]: Quartz scheduler 'ftbbackups2' initialized from an externally provided properties instance.
[19Oct2024 01:25:07.042] [modloading-worker-0/INFO] [net.creeperhost.ftbbackups.repack.org.quartz.impl.StdSchedulerFactory/]: Quartz scheduler version: 2.0.2
[19Oct2024 01:25:07.047] [modloading-worker-0/INFO] [com.teampotato.redirector.Redirector/]: Redirecting com/simibubi/create/content/fluids/transfer/FluidManipulationBehaviour$BottomlessFluidMode
[19Oct2024 01:25:07.082] [modloading-worker-0/INFO] [net.creeperhost.ftbbackups.repack.org.quartz.core.QuartzScheduler/]: Scheduler ftbbackups2_$_NON_CLUSTERED started.
[19Oct2024 01:25:07.129] [modloading-worker-0/ERROR] [net.minecraftforge.coremod.CoreMod.adpother/COREMODLOG]: FAILED: target node not found!
[19Oct2024 01:25:07.354] [modloading-worker-0/ERROR] [net.minecraftforge.coremod.CoreMod.adpother/COREMODLOG]: FAILED: target node not found!
[19Oct2024 01:25:07.359] [modloading-worker-0/INFO] [com.teampotato.redirector.Redirector/]: Redirecting net/mehvahdjukaar/moonlight/api/util/DispenserHelper$Priority
[19Oct2024 01:25:07.370] [modloading-worker-0/INFO] [dev.architectury.networking.forge.NetworkManagerImpl/]: Registering C2S receiver with id artifacts:networking_channel/42a7ad70b1cc371599a0eff744096b8a
[19Oct2024 01:25:07.376] [modloading-worker-0/INFO] [dev.architectury.networking.forge.NetworkManagerImpl/]: Registering C2S receiver with id artifacts:networking_channel/74a5e841822a3a87854ae896a33430d6
[19Oct2024 01:25:07.381] [modloading-worker-0/INFO] [dev.architectury.networking.forge.NetworkManagerImpl/]: Registering C2S receiver with id artifacts:networking_channel/eb3d1e2748533430848cadf0f37c7e9c
[19Oct2024 01:25:07.387] [modloading-worker-0/INFO] [dev.architectury.networking.forge.NetworkManagerImpl/]: Registering C2S receiver with id artifacts:networking_channel/91c8520f19f93b3e8b6a727568e194ab
[19Oct2024 01:25:07.396] [modloading-worker-0/INFO] [dev.architectury.networking.forge.NetworkManagerImpl/]: Registering C2S receiver with id artifacts:networking_channel/8c2784d778293fd482ed84b8aa5fedb9
[19Oct2024 01:25:07.407] [modloading-worker-0/INFO] [dev.architectury.networking.forge.NetworkManagerImpl/]: Registering C2S receiver with id artifacts:networking_channel/ea038224ea783d40b2863f52239e2604
[19Oct2024 01:25:07.412] [modloading-worker-0/INFO] [dev.architectury.networking.forge.NetworkManagerImpl/]: Registering C2S receiver with id artifacts:networking_channel/97ad64b7ecaf33209991c4f031501a58
[19Oct2024 01:25:07.515] [modloading-worker-0/INFO] [com.teampotato.redirector.Redirector/]: Redirecting com/simibubi/create/content/processing/recipe/HeatCondition
[19Oct2024 01:25:07.584] [modloading-worker-0/INFO] [com.teampotato.redirector.Redirector/]: Redirecting com/teamresourceful/resourcefulconfig/common/config/EntryType
[19Oct2024 01:25:07.625] [modloading-worker-0/INFO] [Mystical Agriculture/]: Registered plugin: com.blakebr0.mysticalagriculture.lib.ModCorePlugin
[19Oct2024 01:25:07.635] [modloading-worker-0/INFO] [Mystical Agriculture/]: Registered plugin: com.focamacho.mysticaladaptations.lib.ModCorePlugin
[19Oct2024 01:25:07.665] [modloading-worker-0/INFO] [com.teampotato.redirector.Redirector/]: Redirecting net/minecraft/network/protocol/PacketFlow
[19Oct2024 01:25:07.673] [modloading-worker-0/INFO] [Mystical Agriculture/]: Registered plugin: com.blakebr0.mysticalcustomization.lib.ModCorePlugin
[19Oct2024 01:25:07.705] [modloading-worker-0/INFO] [Mystical Agriculture/]: Registered plugin: com.blakebr0.mysticalagradditions.lib.ModCorePlugin
[19Oct2024 01:25:07.711] [modloading-worker-0/INFO] [com.teampotato.redirector.Redirector/]: Redirecting net/minecraft/world/entity/player/ChatVisiblity
[19Oct2024 01:25:07.742] [modloading-worker-0/INFO] [com.teampotato.redirector.Redirector/]: Redirecting net/minecraft/world/entity/HumanoidArm
[19Oct2024 01:25:07.748] [modloading-worker-0/INFO] [PluginManager/]: Scanning classes for titanium
[19Oct2024 01:25:07.770] [modloading-worker-0/INFO] [Mystical Agriculture/]: Loaded 4 plugins
[19Oct2024 01:25:07.774] [modloading-worker-0/INFO] [com.teampotato.redirector.Redirector/]: Redirecting net/minecraft/world/entity/player/PlayerModelPart
[19Oct2024 01:25:07.825] [modloading-worker-0/INFO] [com.teampotato.redirector.Redirector/]: Redirecting com/majruszsaccessories/common/AccessoryHolder$RandomType
[19Oct2024 01:25:07.841] [modloading-worker-0/INFO] [com.teampotato.redirector.Redirector/]: Redirecting net/silentchaos512/lib/item/ILeftClickItem$ClickType
[19Oct2024 01:25:07.857] [modloading-worker-0/INFO] [com.teampotato.redirector.Redirector/]: Redirecting net/minecraft/world/level/block/RenderShape
[19Oct2024 01:25:07.874] [modloading-worker-0/INFO] [com.teampotato.redirector.Redirector/]: Redirecting com/simibubi/create/content/kinetics/base/IRotate$SpeedLevel
[19Oct2024 01:25:07.974] [modloading-worker-0/INFO] [net.pixeldreamstudios.passiveskilltreeadditions.PassiveSkillTreeAdditions/]: Hello from Passive Skill Tree Additions!
[19Oct2024 01:25:08.051] [modloading-worker-0/INFO] [com.teampotato.redirector.Redirector/]: Redirecting fuzs/puzzleslib/api/capability/v2/data/PlayerRespawnCopyStrategy
[19Oct2024 01:25:08.071] [modloading-worker-0/INFO] [Puzzles Lib/]: Constructing common components for thinair:main
[19Oct2024 01:25:08.076] [modloading-worker-0/INFO] [com.teampotato.redirector.Redirector/]: Redirecting fuzs/thinair/network/ClientboundChunkAirQualityMessage$Mode
[19Oct2024 01:25:08.079] [modloading-worker-0/INFO] [com.teampotato.redirector.Redirector/]: Redirecting fuzs/thinair/api/v1/AirQualityLevel
[19Oct2024 01:25:08.105] [modloading-worker-0/INFO] [com.teampotato.redirector.Redirector/]: Redirecting com/enderio/base/common/block/glass/GlassLighting
[19Oct2024 01:25:08.112] [modloading-worker-0/INFO] [com.teampotato.redirector.Redirector/]: Redirecting com/enderio/base/common/block/glass/GlassCollisionPredicate
[19Oct2024 01:25:08.125] [modloading-worker-0/INFO] [com.teampotato.redirector.Redirector/]: Redirecting com/enderio/api/capacitor/CapacitorModifier
[19Oct2024 01:25:08.162] [modloading-worker-0/INFO] [com.teampotato.redirector.Redirector/]: Redirecting fuzs/puzzleslib/api/event/v1/core/EventResult
[19Oct2024 01:25:08.206] [modloading-worker-0/INFO] [com.teampotato.redirector.Redirector/]: Redirecting com/drmangotea/tfmg/registry/TFMGArmorMaterials
[19Oct2024 01:25:08.223] [modloading-worker-0/INFO] [com.teampotato.redirector.Redirector/]: Redirecting com/drmangotea/tfmg/registry/TFMGTiers
[19Oct2024 01:25:08.250] [modloading-worker-0/INFO] [com.teampotato.redirector.Redirector/]: Redirecting daripher/skilltree/skill/bonus/condition/item/PotionCondition$Type
[19Oct2024 01:25:08.312] [modloading-worker-0/INFO] [Spartan Shields/]: Constructing Mod: Spartan Shields
[19Oct2024 01:25:08.342] [modloading-worker-0/INFO] [com.teampotato.redirector.Redirector/]: Redirecting daripher/skilltree/compat/apotheosis/ApotheosisCompatibility
[19Oct2024 01:25:08.395] [modloading-worker-0/INFO] [com.teampotato.redirector.Redirector/]: Redirecting vazkii/botania/common/impl/BotaniaAPIImpl$ItemTier
[19Oct2024 01:25:08.406] [modloading-worker-0/INFO] [com.teampotato.redirector.Redirector/]: Redirecting com/drmangotea/tfmg/items/weapons/explosives/thermite_grenades/ChemicalColor
[19Oct2024 01:25:08.420] [modloading-worker-0/INFO] [com.teampotato.redirector.Redirector/]: Redirecting dev/shadowsoffire/apotheosis/adventure/affix/AffixType
[19Oct2024 01:25:08.434] [modloading-worker-0/INFO] [com.teampotato.redirector.Redirector/]: Redirecting de/maxhenkel/easyvillagers/ClientConfig$CycleTradesButtonLocation
[19Oct2024 01:25:08.454] [modloading-worker-0/INFO] [com.teampotato.redirector.Redirector/]: Redirecting daripher/skilltree/compat/tetra/TetraCompatibility
[19Oct2024 01:25:08.456] [modloading-worker-0/INFO] [quark/]: Initializing TerraBlender underground biome compat
[19Oct2024 01:25:08.457] [modloading-worker-0/INFO] [com.teampotato.redirector.Redirector/]: Redirecting daripher/skilltree/compat/attributeslib/AttributesLibCompatibility
[19Oct2024 01:25:08.472] [modloading-worker-0/INFO] [com.teampotato.redirector.Redirector/]: Redirecting org/violetmoon/zeta/multiloader/Env
[19Oct2024 01:25:08.482] [modloading-worker-0/INFO] [com.teampotato.redirector.Redirector/]: Redirecting daripher/skilltree/skill/bonus/player/LootDuplicationBonus$LootType
[19Oct2024 01:25:08.536] [modloading-worker-0/INFO] [com.teampotato.redirector.Redirector/]: Redirecting net/mehvahdjukaar/supplementaries/common/block/blocks/BlackboardBlock$UseMode
[19Oct2024 01:25:08.549] [modloading-worker-0/INFO] [com.teampotato.redirector.Redirector/]: Redirecting net/mehvahdjukaar/supplementaries/configs/CommonConfigs$Hands
[19Oct2024 01:25:08.553] [modloading-worker-0/INFO] [com.teampotato.redirector.Redirector/]: Redirecting net/mehvahdjukaar/supplementaries/common/entities/BombEntity$BreakingMode
[19Oct2024 01:25:08.567] [modloading-worker-0/INFO] [com.teampotato.redirector.Redirector/]: Redirecting net/mehvahdjukaar/supplementaries/configs/CommonConfigs$DeathMarkerMode
[19Oct2024 01:25:08.719] [modloading-worker-0/INFO] [com.teampotato.redirector.Redirector/]: Redirecting net/mehvahdjukaar/supplementaries/common/network/ClientBoundParticlePacket$EventType
[19Oct2024 01:25:08.777] [modloading-worker-0/INFO] [mod.alexndr.simpleores.SimpleOres/]: Hello from Simple Ores!
[19Oct2024 01:25:09.014] [modloading-worker-0/INFO] [net.minecraftforge.coremod.CoreMod.apotheosis/COREMODLOG]: Replaced 1 calls to Enchantment#getMaxLevel() in org/violetmoon/quark/content/experimental/module/GameNerfsModule
[19Oct2024 01:25:09.288] [modloading-worker-0/INFO] [net.minecraftforge.coremod.CoreMod.apotheosis/COREMODLOG]: Replaced 5 calls to Enchantment#getMaxLevel() in org/violetmoon/quark/content/tools/module/AncientTomesModule
[19Oct2024 01:25:09.407] [modloading-worker-0/INFO] [quark-zeta/]: Discovered 164 modules to load.
[19Oct2024 01:25:09.409] [modloading-worker-0/INFO] [quark-zeta/]: Constructing module Abacus...
[19Oct2024 01:25:09.428] [modloading-worker-0/INFO] [quark-zeta/]: Constructing module Adjustable Chat...
[19Oct2024 01:25:09.430] [modloading-worker-0/INFO] [quark-zeta/]: Constructing module Ambient Discs...
[19Oct2024 01:25:09.433] [modloading-worker-0/INFO] [quark-zeta/]: Constructing module Ancient Tomes...
[19Oct2024 01:25:09.451] [modloading-worker-0/INFO] [net.minecraftforge.coremod.CoreMod.apotheosis/COREMODLOG]: Replaced 3 calls to Enchantment#getMaxLevel() in org/violetmoon/quark/content/tools/item/AncientTomeItem
[19Oct2024 01:25:09.473] [modloading-worker-0/INFO] [quark-zeta/]: Constructing module Ancient Wood...
[19Oct2024 01:25:09.514] [modloading-worker-0/INFO] [quark-zeta/]: Constructing module Armed Armor Stands...
[19Oct2024 01:25:09.517] [modloading-worker-0/INFO] [quark-zeta/]: Constructing module Auto Walk Keybind...
[19Oct2024 01:25:09.520] [modloading-worker-0/INFO] [quark-zeta/]: Constructing module Automatic Recipe Unlock...
[19Oct2024 01:25:09.523] [modloading-worker-0/INFO] [quark-zeta/]: Constructing module Automatic Tool Restock...
[19Oct2024 01:25:09.528] [modloading-worker-0/INFO] [quark-zeta/]: Constructing module Azalea Wood...
[19Oct2024 01:25:09.529] [modloading-worker-0/INFO] [quark-zeta/]: Constructing module Back Button Keybind...
[19Oct2024 01:25:09.533] [modloading-worker-0/INFO] [quark-zeta/]: Constructing module Backpack...
[19Oct2024 01:25:09.546] [modloading-worker-0/INFO] [quark-zeta/]: Constructing module Beacon Redirection...
[19Oct2024 01:25:09.548] [modloading-worker-0/INFO] [quark-zeta/]: Constructing module Better Elytra Rocket...
[19Oct2024 01:25:09.553] [modloading-worker-0/INFO] [quark-zeta/]: Constructing module Big Stone Clusters...
[19Oct2024 01:25:09.589] [modloading-worker-0/INFO] [com.teampotato.redirector.Redirector/]: Redirecting com/drmangotea/tfmg/registry/TFMGPaletteStoneTypes
[19Oct2024 01:25:09.597] [modloading-worker-0/INFO] [com.teampotato.redirector.Redirector/]: Redirecting com/drmangotea/tfmg/base/palettes/TFMGPaletteBlockPattern$PatternNameType
[19Oct2024 01:25:09.600] [modloading-worker-0/INFO] [quark-zeta/]: Constructing module Blossom Trees...
[19Oct2024 01:25:09.606] [modloading-worker-0/INFO] [com.teampotato.redirector.Redirector/]: Redirecting net/minecraft/world/Difficulty
[19Oct2024 01:25:09.610] [modloading-worker-0/INFO] [quark-zeta/]: Constructing module Bottled Cloud...
[19Oct2024 01:25:09.617] [modloading-worker-0/INFO] [com.teampotato.redirector.Redirector/]: Redirecting net/minecraft/network/chat/ClickEvent$Action
[19Oct2024 01:25:09.627] [modloading-worker-0/INFO] [quark-zeta/]: Constructing module Buckets Show Inhabitants...
[19Oct2024 01:25:09.630] [modloading-worker-0/INFO] [quark-zeta/]: Constructing module Camera...
[19Oct2024 01:25:09.638] [modloading-worker-0/INFO] [quark-zeta/]: Constructing module Campfires Boost Elytra...
[19Oct2024 01:25:09.640] [modloading-worker-0/INFO] [quark-zeta/]: Constructing module Celebratory Lamps...
[19Oct2024 01:25:09.642] [modloading-worker-0/INFO] [quark-zeta/]: Constructing module Chains Connect Blocks...
[19Oct2024 01:25:09.646] [modloading-worker-0/INFO] [quark-zeta/]: Constructing module Chest Searching...
[19Oct2024 01:25:09.647] [modloading-worker-0/INFO] [quark-zeta/]: Constructing module Chorus Vegetation...
[19Oct2024 01:25:09.656] [modloading-worker-0/INFO] [com.teampotato.redirector.Redirector/]: Redirecting net/minecraft/world/level/saveddata/maps/MapDecoration$Type
[19Oct2024 01:25:09.658] [modloading-worker-0/INFO] [quark-zeta/]: Constructing module Chute...
[19Oct2024 01:25:09.663] [modloading-worker-0/INFO] [quark-zeta/]: Constructing module Climate Control Remover...
[19Oct2024 01:25:09.664] [modloading-worker-0/INFO] [quark-zeta/]: Constructing module Color Runes...
[19Oct2024 01:25:09.674] [modloading-worker-0/INFO] [quark-zeta/]: Constructing module Compasses Work Everywhere...
[19Oct2024 01:25:09.677] [modloading-worker-0/INFO] [quark-zeta/]: Constructing module Compressed Blocks...
[19Oct2024 01:25:09.679] [modloading-worker-0/INFO] [quark-zeta/]: Constructing module Coral On Cactus...
[19Oct2024 01:25:09.684] [modloading-worker-0/INFO] [quark-zeta/]: Constructing module Corundum...
[19Oct2024 01:25:09.717] [modloading-worker-0/INFO] [net.potionstudios.biomeswevegone.BiomesWeveGone/]: Registering Oh The Biomes We've Gone items
[19Oct2024 01:25:09.735] [modloading-worker-0/INFO] [quark-zeta/]: Constructing module Crabs...
[19Oct2024 01:25:09.738] [modloading-worker-0/INFO] [com.teampotato.redirector.Redirector/]: Redirecting com/drmangotea/tfmg/registry/TFMGParticleTypes
[19Oct2024 01:25:09.750] [modloading-worker-0/INFO] [com.teampotato.redirector.Redirector/]: Redirecting net/mehvahdjukaar/supplementaries/common/misc/songs/SongsManager$Source
[19Oct2024 01:25:09.751] [modloading-worker-0/ERROR] [zeta/]: Client event interface org.violetmoon.zeta.client.event.load.ZClientSetup was found in a non client only class!
[19Oct2024 01:25:09.753] [modloading-worker-0/INFO] [quark-zeta/]: Constructing module Crafter...
[19Oct2024 01:25:09.757] [modloading-worker-0/INFO] [com.teampotato.redirector.Redirector/]: Redirecting com/drmangotea/tfmg/registry/TFMGPackets
[19Oct2024 01:25:09.759] [modloading-worker-0/ERROR] [zeta/]: Client event interface org.violetmoon.zeta.client.event.load.ZClientSetup was found in a non client only class!
[19Oct2024 01:25:09.762] [modloading-worker-0/INFO] [quark-zeta/]: Constructing module Crate...
[19Oct2024 01:25:09.768] [modloading-worker-0/INFO] [quark-zeta/]: Constructing module Diamond Repair...
[19Oct2024 01:25:09.772] [modloading-worker-0/INFO] [quark-zeta/]: Constructing module Dispensers Place Blocks...
[19Oct2024 01:25:09.774] [modloading-worker-0/INFO] [quark-zeta/]: Constructing module Double Door Opening...
[19Oct2024 01:25:09.776] [modloading-worker-0/INFO] [quark-zeta/]: Constructing module Dragon Scales...
[19Oct2024 01:25:09.777] [modloading-worker-0/INFO] [quark-zeta/]: Constructing module Duskbound Blocks...
[19Oct2024 01:25:09.779] [modloading-worker-0/INFO] [quark-zeta/]: Constructing module Dyeable Item Frames...
[19Oct2024 01:25:09.785] [modloading-worker-0/INFO] [quark-zeta/]: Constructing module Easy Transfering...
[19Oct2024 01:25:09.787] [modloading-worker-0/INFO] [com.teampotato.redirector.Redirector/]: Redirecting net/mehvahdjukaar/moonlight/api/fluids/SoftFluid$Capacity
[19Oct2024 01:25:09.788] [modloading-worker-0/INFO] [quark-zeta/]: Constructing module Elytra Indicator...
[19Oct2024 01:25:09.790] [modloading-worker-0/INFO] [quark-zeta/]: Constructing module Emotes...
[19Oct2024 01:25:09.793] [modloading-worker-0/INFO] [quark-zeta/]: Constructing module Enchantment Predicates...
[19Oct2024 01:25:09.796] [modloading-worker-0/INFO] [quark-zeta/]: Constructing module Enchantments Begone...
[19Oct2024 01:25:09.798] [modloading-worker-0/INFO] [quark-zeta/]: Constructing module Ender Watcher...
[19Oct2024 01:25:09.800] [modloading-worker-0/INFO] [com.teampotato.redirector.Redirector/]: Redirecting com/drmangotea/tfmg/registry/TFMGRecipeTypes
[19Oct2024 01:25:09.805] [modloading-worker-0/INFO] [com.teampotato.redirector.Redirector/]: Redirecting net/mehvahdjukaar/moonlight/api/fluids/SoftFluid$TintMethod
[19Oct2024 01:25:09.806] [modloading-worker-0/INFO] [quark-zeta/]: Constructing module Endermosh Music Disc...
[19Oct2024 01:25:09.811] [modloading-worker-0/INFO] [quark-zeta/]: Constructing module Enhanced Ladders...
[19Oct2024 01:25:09.816] [modloading-worker-0/INFO] [quark-zeta/]: Constructing module Expanded Item Interactions...
[19Oct2024 01:25:09.822] [modloading-worker-0/ERROR] [zeta/]: Client event interface org.violetmoon.zeta.client.event.load.ZClientSetup was found in a non client only class!
[19Oct2024 01:25:09.826] [modloading-worker-0/INFO] [quark-zeta/]: Constructing module Fairy Rings...
[19Oct2024 01:25:09.835] [modloading-worker-0/INFO] [quark-zeta/]: Constructing module Fallen Logs...
[19Oct2024 01:25:09.840] [modloading-worker-0/INFO] [quark-zeta/]: Constructing module Feeding Trough...
[19Oct2024 01:25:09.848] [modloading-worker-0/ERROR] [zeta/]: Client event interface org.violetmoon.zeta.client.event.load.ZClientSetup was found in a non client only class!
[19Oct2024 01:25:09.851] [modloading-worker-0/INFO] [quark-zeta/]: Constructing module Forgotten...
[19Oct2024 01:25:09.873] [modloading-worker-0/INFO] [quark-zeta/]: Constructing module Foxhound...
[19Oct2024 01:25:09.881] [modloading-worker-0/INFO] [quark-zeta/]: Constructing module Framed Glass...
[19Oct2024 01:25:09.883] [modloading-worker-0/INFO] [quark-zeta/]: Constructing module Game Nerfs...
[19Oct2024 01:25:09.888] [modloading-worker-0/INFO] [quark-zeta/]: Constructing module Glass Item Frame...
[19Oct2024 01:25:09.907] [modloading-worker-0/ERROR] [zeta/]: Client event interface org.violetmoon.zeta.client.event.load.ZClientSetup was found in a non client only class!
[19Oct2024 01:25:09.910] [modloading-worker-0/INFO] [quark-zeta/]: Constructing module Glass Shard...
[19Oct2024 01:25:09.915] [modloading-worker-0/INFO] [quark-zeta/]: Constructing module Glimmering Weald...
[19Oct2024 01:25:09.948] [modloading-worker-0/INFO] [quark-zeta/]: Constructing module Gold Bars...
[19Oct2024 01:25:09.949] [modloading-worker-0/INFO] [net.potionstudios.biomeswevegone.BiomesWeveGone/]: Registering Oh The Biomes We've Gone Blocks
[19Oct2024 01:25:09.952] [modloading-worker-0/INFO] [quark-zeta/]: Constructing module Gold Tools Have Fortune...
[19Oct2024 01:25:09.955] [modloading-worker-0/INFO] [quark-zeta/]: Constructing module Grab Chickens...
[19Oct2024 01:25:09.957] [modloading-worker-0/INFO] [quark-zeta/]: Constructing module Grate...
[19Oct2024 01:25:09.963] [modloading-worker-0/INFO] [quark-zeta/]: Constructing module Gravisand...
[19Oct2024 01:25:09.969] [modloading-worker-0/INFO] [quark-zeta/]: Constructing module Greener Grass...
[19Oct2024 01:25:09.974] [modloading-worker-0/INFO] [be.florens.expandability.ExpandAbility/]: ExpandAbility here, who dis?
[19Oct2024 01:25:09.978] [modloading-worker-0/INFO] [quark-zeta/]: Constructing module Hedges...
[19Oct2024 01:25:09.981] [modloading-worker-0/INFO] [quark-zeta/]: Constructing module Hoe Harvesting...
[19Oct2024 01:25:09.983] [modloading-worker-0/INFO] [quark-zeta/]: Constructing module Hollow Logs...
[19Oct2024 01:25:09.985] [modloading-worker-0/INFO] [quark-zeta/]: Constructing module Horses Swim...
[19Oct2024 01:25:09.987] [modloading-worker-0/INFO] [quark-zeta/]: Constructing module Hotbar Changer...
[19Oct2024 01:25:09.988] [modloading-worker-0/INFO] [com.teampotato.redirector.Redirector/]: Redirecting net/potionstudios/biomeswevegone/world/level/block/wood/BWGWoodSet$LogStem
[19Oct2024 01:25:09.989] [modloading-worker-0/INFO] [quark-zeta/]: Constructing module Improved Sponges...
[19Oct2024 01:25:09.991] [modloading-worker-0/INFO] [quark-zeta/]: Constructing module Improved Tooltips...
[19Oct2024 01:25:09.994] [modloading-worker-0/INFO] [quark-zeta/]: Constructing module Industrial Palette...
[19Oct2024 01:25:09.997] [modloading-worker-0/INFO] [quark-zeta/]: Constructing module Inventory Sorting...
[19Oct2024 01:25:10.001] [modloading-worker-0/INFO] [quark-zeta/]: Constructing module Iron Rod...
[19Oct2024 01:25:10.020] [modloading-worker-0/INFO] [quark-zeta/]: Constructing module Item Sharing...
[19Oct2024 01:25:10.024] [modloading-worker-0/INFO] [quark-zeta/]: Constructing module Japanese Palette...
[19Oct2024 01:25:10.027] [modloading-worker-0/INFO] [quark-zeta/]: Constructing module Leaf Carpet...
[19Oct2024 01:25:10.029] [modloading-worker-0/INFO] [quark-zeta/]: Constructing module Lock Rotation...
[19Oct2024 01:25:10.031] [modloading-worker-0/INFO] [quark-zeta/]: Constructing module Long Range Pick Block...
[19Oct2024 01:25:10.033] [modloading-worker-0/INFO] [quark-zeta/]: Constructing module Magma Keeps Concrete Powder...
[19Oct2024 01:25:10.034] [modloading-worker-0/INFO] [quark-zeta/]: Constructing module Magnets...
[19Oct2024 01:25:10.043] [modloading-worker-0/ERROR] [zeta/]: Client event interface org.violetmoon.zeta.client.event.load.ZClientSetup was found in a non client only class!
[19Oct2024 01:25:10.045] [modloading-worker-0/INFO] [quark-zeta/]: Constructing module Map Washing...
[19Oct2024 01:25:10.047] [modloading-worker-0/INFO] [quark-zeta/]: Constructing module Matrix Enchanting...
[19Oct2024 01:25:10.051] [modloading-worker-0/INFO] [net.potionstudios.biomeswevegone.BiomesWeveGone/]: Registering Oh The Biomes We've Gone Wood
[19Oct2024 01:25:10.060] [modloading-worker-0/INFO] [net.potionstudios.biomeswevegone.BiomesWeveGone/]: Registering Oh The Biomes We've Gone Block Entities
[19Oct2024 01:25:10.063] [modloading-worker-0/INFO] [net.potionstudios.biomeswevegone.BiomesWeveGone/]: Registering Oh The Biomes We've Gone Entities
[19Oct2024 01:25:10.064] [modloading-worker-0/ERROR] [zeta/]: Client event interface org.violetmoon.zeta.client.event.load.ZClientSetup was found in a non client only class!
[19Oct2024 01:25:10.066] [modloading-worker-0/INFO] [quark-zeta/]: Constructing module Metal Buttons...
[19Oct2024 01:25:10.068] [modloading-worker-0/INFO] [net.potionstudios.biomeswevegone.BiomesWeveGone/]: Registering Oh The Biomes We've Gone Creative Tabs
[19Oct2024 01:25:10.068] [modloading-worker-0/INFO] [quark-zeta/]: Constructing module Microcrafting Helper...
[19Oct2024 01:25:10.069] [modloading-worker-0/INFO] [net.potionstudios.biomeswevegone.BiomesWeveGone/]: Registering Oh The Biomes We've Gone Sounds
[19Oct2024 01:25:10.070] [modloading-worker-0/INFO] [quark-zeta/]: Constructing module Midori...
[19Oct2024 01:25:10.072] [modloading-worker-0/INFO] [quark-zeta/]: Constructing module Monster Box...
[19Oct2024 01:25:10.073] [modloading-worker-0/INFO] [net.potionstudios.biomeswevegone.BiomesWeveGone/]: Registering Oh The Biomes We've Gone Block Predicate
[19Oct2024 01:25:10.074] [modloading-worker-0/INFO] [quark-zeta/]: Constructing module More Banner Layers...
[19Oct2024 01:25:10.076] [modloading-worker-0/INFO] [quark-zeta/]: Constructing module More Brick Types...
[19Oct2024 01:25:10.078] [modloading-worker-0/INFO] [quark-zeta/]: Constructing module More Mud Blocks...
[19Oct2024 01:25:10.079] [modloading-worker-0/INFO] [quark-zeta/]: Constructing module More Note Block Sounds...
[19Oct2024 01:25:10.081] [modloading-worker-0/INFO] [quark-zeta/]: Constructing module More Potted Plants...
[19Oct2024 01:25:10.083] [modloading-worker-0/ERROR] [zeta/]: Client event interface org.violetmoon.zeta.client.event.load.ZClientSetup was found in a non client only class!
[19Oct2024 01:25:10.084] [modloading-worker-0/INFO] [quark-zeta/]: Constructing module More Villagers...
[19Oct2024 01:25:10.085] [modloading-worker-0/INFO] [net.potionstudios.biomeswevegone.BiomesWeveGone/]: Registering Oh The Biomes We've Gone State Providers
[19Oct2024 01:25:10.086] [modloading-worker-0/INFO] [quark-zeta/]: Constructing module Narrator Readout...
[19Oct2024 01:25:10.088] [modloading-worker-0/INFO] [quark-zeta/]: Constructing module Nether Brick Fence Gate...
[19Oct2024 01:25:10.089] [modloading-worker-0/INFO] [quark-zeta/]: Constructing module Nether Obsidian Spikes...
[19Oct2024 01:25:10.093] [modloading-worker-0/INFO] [net.potionstudios.biomeswevegone.BiomesWeveGone/]: Registering Oh The Biomes We've Gone Tree Decorators
[19Oct2024 01:25:10.094] [modloading-worker-0/INFO] [quark-zeta/]: Constructing module New Stone Types...
[19Oct2024 01:25:10.112] [modloading-worker-0/INFO] [quark-zeta/]: Constructing module No Durability On Cosmetics...
[19Oct2024 01:25:10.114] [modloading-worker-0/INFO] [quark-zeta/]: Constructing module No More Lava Pockets...
[19Oct2024 01:25:10.116] [modloading-worker-0/INFO] [quark-zeta/]: Constructing module Obsidian Plate...
[19Oct2024 01:25:10.120] [modloading-worker-0/INFO] [quark-zeta/]: Constructing module Overlay Shader...
[19Oct2024 01:25:10.123] [modloading-worker-0/INFO] [quark-zeta/]: Constructing module Parrot Eggs...
[19Oct2024 01:25:10.125] [modloading-worker-0/ERROR] [zeta/]: Client event interface org.violetmoon.zeta.client.event.load.ZClientSetup was found in a non client only class!
[19Oct2024 01:25:10.128] [modloading-worker-0/INFO] [quark-zeta/]: Constructing module Pat The Dogs...
[19Oct2024 01:25:10.135] [modloading-worker-0/INFO] [quark-zeta/]: Constructing module Pathfinder Maps...
[19Oct2024 01:25:10.139] [modloading-worker-0/INFO] [net.potionstudios.biomeswevegone.BiomesWeveGone/]: Registering Oh The Biomes We've Gone Custom Features
[19Oct2024 01:25:10.140] [modloading-worker-0/INFO] [quark-zeta/]: Constructing module Permafrost...
[19Oct2024 01:25:10.144] [modloading-worker-0/INFO] [net.potionstudios.biomeswevegone.BiomesWeveGone/]: Registering Oh The Biomes We've Gone Structure Pieces
[19Oct2024 01:25:10.149] [modloading-worker-0/INFO] [quark-zeta/]: Constructing module Petals On Water...
[19Oct2024 01:25:10.152] [modloading-worker-0/INFO] [net.potionstudios.biomeswevegone.BiomesWeveGone/]: Registering Oh The Biomes We've Gone Custom Structure Types
[19Oct2024 01:25:10.154] [modloading-worker-0/INFO] [quark-zeta/]: Constructing module Pickarang...
[19Oct2024 01:25:10.162] [modloading-worker-0/INFO] [net.potionstudios.biomeswevegone.BiomesWeveGone/]: Registering Oh The Biomes We've Gone Configured Features
[19Oct2024 01:25:10.162] [modloading-worker-0/INFO] [quark-zeta/]: Constructing module Pig Litters...
[19Oct2024 01:25:10.165] [modloading-worker-0/INFO] [quark-zeta/]: Constructing module Pipes...
[19Oct2024 01:25:10.174] [modloading-worker-0/INFO] [quark-zeta/]: Constructing module Pistons Move Tile Entities...
[19Oct2024 01:25:10.178] [modloading-worker-0/INFO] [quark-zeta/]: Constructing module Poison Potato Usage...
[19Oct2024 01:25:10.180] [modloading-worker-0/INFO] [quark-zeta/]: Constructing module Quick Armor Swapping...
[19Oct2024 01:25:10.181] [modloading-worker-0/INFO] [quark-zeta/]: Constructing module Rainbow Lamps...
[19Oct2024 01:25:10.183] [modloading-worker-0/INFO] [quark-zeta/]: Constructing module Raw Metal Bricks...
[19Oct2024 01:25:10.184] [modloading-worker-0/INFO] [quark-zeta/]: Constructing module Reacharound Placing...
[19Oct2024 01:25:10.187] [modloading-worker-0/INFO] [quark-zeta/]: Constructing module Redstone Randomizer...
[19Oct2024 01:25:10.190] [modloading-worker-0/INFO] [net.potionstudios.biomeswevegone.BiomesWeveGone/]: Creating and Registering Overworld Vegetation Configured Features
[19Oct2024 01:25:10.193] [modloading-worker-0/INFO] [quark-zeta/]: Constructing module Renewable Spore Blossoms...
[19Oct2024 01:25:10.195] [modloading-worker-0/INFO] [quark-zeta/]: Constructing module Replace Scaffolding...
[19Oct2024 01:25:10.197] [modloading-worker-0/INFO] [quark-zeta/]: Constructing module Rope...
[19Oct2024 01:25:10.207] [modloading-worker-0/INFO] [quark-zeta/]: Constructing module Safer Creatures...
[19Oct2024 01:25:10.209] [modloading-worker-0/INFO] [com.teampotato.redirector.Redirector/]: Redirecting com/enderio/machines/common/blockentity/task/SpawnerMachineTask$SpawnType
[19Oct2024 01:25:10.209] [modloading-worker-0/INFO] [quark-zeta/]: Constructing module Seed Pouch...
[19Oct2024 01:25:10.219] [modloading-worker-0/INFO] [quark-zeta/]: Constructing module Shear Vines...
[19Oct2024 01:25:10.241] [modloading-worker-0/INFO] [quark-zeta/]: Constructing module Shiba...
[19Oct2024 01:25:10.248] [modloading-worker-0/ERROR] [zeta/]: Client event interface org.violetmoon.zeta.client.event.load.ZClientSetup was found in a non client only class!
[19Oct2024 01:25:10.250] [modloading-worker-0/INFO] [quark-zeta/]: Constructing module Shingles...
[19Oct2024 01:25:10.252] [modloading-worker-0/INFO] [quark-zeta/]: Constructing module Shulker Packing...
[19Oct2024 01:25:10.254] [modloading-worker-0/INFO] [quark-zeta/]: Constructing module Simple Harvest...
[19Oct2024 01:25:10.257] [modloading-worker-0/INFO] [com.teampotato.redirector.Redirector/]: Redirecting com/enderio/machines/common/recipe/SagMillingRecipe$BonusType
[19Oct2024 01:25:10.259] [modloading-worker-0/INFO] [quark-zeta/]: Constructing module Skull Pikes...
[19Oct2024 01:25:10.269] [modloading-worker-0/ERROR] [zeta/]: Client event interface org.violetmoon.zeta.client.event.load.ZClientSetup was found in a non client only class!
[19Oct2024 01:25:10.275] [modloading-worker-0/INFO] [quark-zeta/]: Constructing module Slabs To Blocks...
[19Oct2024 01:25:10.277] [modloading-worker-0/INFO] [quark-zeta/]: Constructing module Slime In A Bucket...
[19Oct2024 01:25:10.287] [modloading-worker-0/INFO] [quark-zeta/]: Constructing module Slimes To Magma Cubes...
[19Oct2024 01:25:10.290] [modloading-worker-0/INFO] [com.teampotato.redirector.Redirector/]: Redirecting com/enderio/machines/common/blockentity/AlloySmelterMode
[19Oct2024 01:25:10.292] [modloading-worker-0/INFO] [quark-zeta/]: Constructing module Snow Golem Player Heads...
[19Oct2024 01:25:10.302] [modloading-worker-0/INFO] [quark-zeta/]: Constructing module Soul Candles...
[19Oct2024 01:25:10.305] [modloading-worker-0/INFO] [quark-zeta/]: Constructing module Soul Sandstone...
[19Oct2024 01:25:10.308] [modloading-worker-0/INFO] [quark-zeta/]: Constructing module Spawner Replacer...
[19Oct2024 01:25:10.309] [modloading-worker-0/INFO] [net.potionstudios.biomeswevegone.BiomesWeveGone/]: Registering Oh The Biomes We've Gone Tree Configured Features
[19Oct2024 01:25:10.312] [modloading-worker-0/INFO] [quark-zeta/]: Constructing module Spiral Spires...
[19Oct2024 01:25:10.315] [modloading-worker-0/INFO] [net.potionstudios.biomeswevegone.BiomesWeveGone/]: Creating and Registering Vanilla Configured Features
[19Oct2024 01:25:10.319] [modloading-worker-0/INFO] [quark-zeta/]: Constructing module Stonelings...
[19Oct2024 01:25:10.325] [modloading-worker-0/ERROR] [zeta/]: Client event interface org.violetmoon.zeta.client.event.load.ZClientSetup was found in a non client only class!
[19Oct2024 01:25:10.328] [modloading-worker-0/INFO] [quark-zeta/]: Constructing module Stools...
[19Oct2024 01:25:10.331] [modloading-worker-0/ERROR] [zeta/]: Client event interface org.violetmoon.zeta.client.event.load.ZClientSetup was found in a non client only class!
[19Oct2024 01:25:10.333] [modloading-worker-0/INFO] [quark-zeta/]: Constructing module Sturdy Stone...
[19Oct2024 01:25:10.336] [modloading-worker-0/INFO] [quark-zeta/]: Constructing module Thatch...
[19Oct2024 01:25:10.338] [modloading-worker-0/INFO] [net.potionstudios.biomeswevegone.BiomesWeveGone/]: Registering Oh The Biomes You'll Go Overworld Configured Features
[19Oct2024 01:25:10.342] [modloading-worker-0/INFO] [quark-zeta/]: Constructing module Tiny Potato...
[19Oct2024 01:25:10.343] [modloading-worker-0/INFO] [quark-zeta/]: Constructing module Torch Arrow...
[19Oct2024 01:25:10.353] [modloading-worker-0/INFO] [quark-zeta/]: Constructing module Toretoise...
[19Oct2024 01:25:10.353] [modloading-worker-0/INFO] [net.potionstudios.biomeswevegone.BiomesWeveGone/]: Registering Oh The Biomes We've Gone Placed Features
[19Oct2024 01:25:10.355] [modloading-worker-0/ERROR] [zeta/]: Client event interface org.violetmoon.zeta.client.event.load.ZClientSetup was found in a non client only class!
[19Oct2024 01:25:10.357] [modloading-worker-0/INFO] [quark-zeta/]: Constructing module Totem Of Holding...
[19Oct2024 01:25:10.362] [modloading-worker-0/INFO] [quark-zeta/]: Constructing module Trowel...
[19Oct2024 01:25:10.366] [modloading-worker-0/INFO] [quark-zeta/]: Constructing module Usage Ticker...
[19Oct2024 01:25:10.367] [modloading-worker-0/INFO] [quark-zeta/]: Constructing module Uses For Curses...
[19Oct2024 01:25:10.369] [modloading-worker-0/INFO] [quark-zeta/]: Constructing module Utility Recipes...
[19Oct2024 01:25:10.372] [modloading-worker-0/INFO] [quark-zeta/]: Constructing module Variant Animal Textures...
[19Oct2024 01:25:10.375] [modloading-worker-0/INFO] [quark-zeta/]: Constructing module Variant Bookshelves...
[19Oct2024 01:25:10.376] [modloading-worker-0/INFO] [quark-zeta/]: Constructing module Variant Chests...
[19Oct2024 01:25:10.377] [modloading-worker-0/INFO] [net.potionstudios.biomeswevegone.BiomesWeveGone/]: Creating and Registering Overworld Tree Placed Features
[19Oct2024 01:25:10.401] [modloading-worker-0/INFO] [quark-zeta/]: Constructing module Variant Furnaces...
[19Oct2024 01:25:10.417] [modloading-worker-0/INFO] [quark-zeta/]: Constructing module Variant Ladders...
[19Oct2024 01:25:10.418] [modloading-worker-0/INFO] [net.potionstudios.biomeswevegone.BiomesWeveGone/]: Creating and Registering Overworld Vegetation Placed Features
[19Oct2024 01:25:10.419] [modloading-worker-0/INFO] [quark-zeta/]: Constructing module Variant Selector...
[19Oct2024 01:25:10.422] [modloading-worker-0/INFO] [net.potionstudios.biomeswevegone.BiomesWeveGone/]: Creating and Registering Vanilla Placed Features
[19Oct2024 01:25:10.425] [modloading-worker-0/INFO] [net.potionstudios.biomeswevegone.BiomesWeveGone/]: Registering Oh The Biomes We've Gone Custom Surface Rules
[19Oct2024 01:25:10.426] [modloading-worker-0/INFO] [quark-zeta/]: Constructing module Vertical Planks...
[19Oct2024 01:25:10.428] [modloading-worker-0/INFO] [quark-zeta/]: Constructing module Vertical Slabs...
[19Oct2024 01:25:10.453] [modloading-worker-0/INFO] [com.teampotato.redirector.Redirector/]: Redirecting com/enderio/api/misc/RedstoneControl
[19Oct2024 01:25:10.454] [modloading-worker-0/INFO] [net.potionstudios.biomeswevegone.BiomesWeveGone/]: Registering Oh The Biomes We've Gone Template Pools
[19Oct2024 01:25:10.454] [modloading-worker-0/INFO] [quark-zeta/]: Constructing module Vexes Die With Their Masters...
[19Oct2024 01:25:10.456] [modloading-worker-0/INFO] [quark-zeta/]: Constructing module Villager Rerolling Rework...
[19Oct2024 01:25:10.458] [modloading-worker-0/INFO] [quark-zeta/]: Constructing module Villagers Follow Emeralds...
[19Oct2024 01:25:10.459] [modloading-worker-0/INFO] [quark-zeta/]: Constructing module Wooden Posts...
[19Oct2024 01:25:10.464] [modloading-worker-0/INFO] [quark-zeta/]: Constructing module Wool Shuts Up Minecarts...
[19Oct2024 01:25:10.465] [modloading-worker-0/INFO] [quark-zeta/]: Constructing module Wraith...
[19Oct2024 01:25:10.469] [modloading-worker-0/ERROR] [zeta/]: Client event interface org.violetmoon.zeta.client.event.load.ZClientSetup was found in a non client only class!
[19Oct2024 01:25:10.470] [modloading-worker-0/INFO] [quark-zeta/]: Constructing module Zombie Villagers On Normal...
[19Oct2024 01:25:10.473] [modloading-worker-0/INFO] [quark-zeta/]: Constructing module More Stone Variants...
[19Oct2024 01:25:10.475] [modloading-worker-0/INFO] [quark-zeta/]: Constructed 164 modules.
[19Oct2024 01:25:10.475] [modloading-worker-0/INFO] [net.potionstudios.biomeswevegone.BiomesWeveGone/]: Registering Oh The Biome's We've Gone Village Template Pools
[19Oct2024 01:25:10.480] [modloading-worker-0/INFO] [net.potionstudios.biomeswevegone.BiomesWeveGone/]: Registering Oh The Biomes We've Gone Poi Types
[19Oct2024 01:25:10.483] [modloading-worker-0/INFO] [net.potionstudios.biomeswevegone.BiomesWeveGone/]: Registering Oh The Biomes We've Gone Villager Professions
[19Oct2024 01:25:10.487] [modloading-worker-0/INFO] [net.potionstudios.biomeswevegone.BiomesWeveGone/]: Registering Oh The Biomes We've Gone Custom Structure Processors
[19Oct2024 01:25:10.565] [modloading-worker-0/WARN] [net.minecraftforge.common.ForgeConfigSpec/CORE]: Configuration file /mcserver/config/quark-common.toml is not correct. Correcting
[19Oct2024 01:25:10.785] [modloading-worker-0/INFO] [com.teampotato.redirector.Redirector/]: Redirecting com/enderio/machines/common/blockentity/solar/SolarPanelTier
[19Oct2024 01:25:10.796] [modloading-worker-0/INFO] [com.teampotato.redirector.Redirector/]: Redirecting com/enderio/machines/common/blockentity/capacitorbank/CapacitorTier
[19Oct2024 01:25:14.932] [modloading-worker-0/INFO] [com.teampotato.redirector.Redirector/]: Redirecting com/endertech/minecraft/mods/adpother/init/Fuels$BuiltInFuels
[19Oct2024 01:25:16.125] [FTB Backups Config Watcher 0/INFO] [net.creeperhost.ftbbackups.FTBBackups/]: Config at /mcserver/config/ftbbackups2.json has changed, reloaded!
[19Oct2024 01:25:18.839] [modloading-worker-0/INFO] [com.teampotato.redirector.Redirector/]: Redirecting com/endertech/minecraft/mods/adpother/init/Respirators$BuiltIn
[19Oct2024 01:25:19.046] [modloading-worker-0/INFO] [com.teampotato.redirector.Redirector/]: Redirecting com/endertech/minecraft/mods/adpother/init/Torches$BuiltInEmitters
[19Oct2024 01:25:20.671] [modloading-worker-0/INFO] [com.teampotato.redirector.Redirector/]: Redirecting com/endertech/minecraft/mods/adpother/init/Breakables$BuiltInBreakables
[19Oct2024 01:25:20.840] [modloading-worker-0/INFO] [com.teampotato.redirector.Redirector/]: Redirecting com/endertech/minecraft/mods/adpother/events/WorldEvents$Alignment
[19Oct2024 01:25:21.047] [main/INFO] [com.teampotato.redirector.Redirector/]: Redirecting com/illusivesoulworks/spectrelib/config/SpectreConfig$Type
[19Oct2024 01:25:21.099] [main/INFO] [com.teampotato.redirector.Redirector/]: Redirecting com/teamabnormals/blueprint/core/util/BiomeUtil$OriginalModdedBiomeProvider
[19Oct2024 01:25:21.138] [main/INFO] [com.teampotato.redirector.Redirector/]: Redirecting com/mcmoddev/golems/data/golem/SwimAbility
[19Oct2024 01:25:21.144] [main/INFO] [com.teampotato.redirector.Redirector/]: Redirecting com/mcmoddev/golems/data/golem/GolemPart
[19Oct2024 01:25:21.158] [main/INFO] [com.teampotato.redirector.Redirector/]: Redirecting com/mcmoddev/golems/data/model/RenderTypes
[19Oct2024 01:25:21.175] [main/INFO] [com.teampotato.redirector.Redirector/]: Redirecting com/mcmoddev/golems/data/modifier/Priority
[19Oct2024 01:25:21.204] [main/INFO] [com.teampotato.redirector.Redirector/]: Redirecting corgitaco/enhancedcelestials/api/lunarevent/LunarTextComponents$NotificationType
[19Oct2024 01:25:21.243] [main/INFO] [com.teampotato.redirector.Redirector/]: Redirecting net/minecraft/network/chat/ChatTypeDecoration$Parameter
[19Oct2024 01:25:21.267] [main/INFO] [com.teampotato.redirector.Redirector/]: Redirecting net/minecraft/world/damagesource/DamageScaling
[19Oct2024 01:25:21.271] [main/INFO] [com.teampotato.redirector.Redirector/]: Redirecting net/minecraft/world/damagesource/DamageEffects
[19Oct2024 01:25:21.275] [main/INFO] [com.teampotato.redirector.Redirector/]: Redirecting net/minecraft/world/damagesource/DeathMessageType
[19Oct2024 01:25:21.279] [main/INFO] [net.minecraft.resources.RegistryDataLoader/]: Capturing existing worldgen registries
[19Oct2024 01:25:21.280] [main/INFO] [net.minecraft.resources.RegistryDataLoader/]: Found 0 injected RegistryDataLoader worldgen registries
[19Oct2024 01:25:22.316] [main/INFO] [com.teampotato.redirector.Redirector/]: Redirecting net/geforcemods/securitycraft/misc/SCSounds
[19Oct2024 01:25:22.405] [main/INFO] [net.minecraftforge.coremod.CoreMod.apotheosis/COREMODLOG]: Replaced 1 calls to Enchantment#getMaxLevel() in org/violetmoon/quark/content/tools/loot/EnchantTome
[19Oct2024 01:25:22.424] [main/INFO] [com.teampotato.redirector.Redirector/]: Redirecting org/violetmoon/zeta/registry/RenderLayerRegistry$Layer
[19Oct2024 01:25:22.472] [main/INFO] [com.teampotato.redirector.Redirector/]: Redirecting org/violetmoon/quark/content/building/block/WoodPostBlock$PostSideType
[19Oct2024 01:25:22.668] [main/INFO] [com.teampotato.redirector.Redirector/]: Redirecting org/violetmoon/quark/base/util/CorundumColor
[19Oct2024 01:25:22.796] [main/INFO] [com.teampotato.redirector.Redirector/]: Redirecting org/violetmoon/quark/content/automation/block/CrafterBlock$PowerState
[19Oct2024 01:25:23.091] [main/INFO] [com.teampotato.redirector.Redirector/]: Redirecting net/minecraft/world/entity/animal/Parrot$Variant
[19Oct2024 01:25:23.149] [main/INFO] [com.teampotato.redirector.Redirector/]: Redirecting org/violetmoon/quark/content/automation/base/RandomizerPowerState
[19Oct2024 01:25:23.656] [main/INFO] [com.teampotato.redirector.Redirector/]: Redirecting org/violetmoon/quark/content/building/block/VerticalSlabBlock$VerticalSlabType
[19Oct2024 01:25:24.536] [main/INFO] [com.teampotato.redirector.Redirector/]: Redirecting com/simibubi/create/content/fluids/tank/FluidTankBlock$Shape
[19Oct2024 01:25:24.542] [main/INFO] [com.teampotato.redirector.Redirector/]: Redirecting com/jesz/createdieselgenerators/blocks/OilBarrelBlock$OilBarrelColor
[19Oct2024 01:25:24.596] [main/INFO] [com.teampotato.redirector.Redirector/]: Redirecting org/antarcticgardens/newage/content/electricity/connector/ElectricalConnectorMode
[19Oct2024 01:25:24.608] [main/INFO] [com.teampotato.redirector.Redirector/]: Redirecting com/simibubi/create/content/processing/burner/BlazeBurnerBlock$HeatLevel
[19Oct2024 01:25:24.641] [main/INFO] [com.teampotato.redirector.Redirector/]: Redirecting com/hrznstudio/titanium/block/RotatableBlock$RotationType
[19Oct2024 01:25:24.690] [main/INFO] [com.teampotato.redirector.Redirector/]: Redirecting com/buuz135/industrial/block/tile/RangeManager$RangeType
[19Oct2024 01:25:24.728] [main/INFO] [com.teampotato.redirector.Redirector/]: Redirecting com/buuz135/industrial/block/transportstorage/ConveyorBlock$EnumType
[19Oct2024 01:25:25.303] [main/INFO] [com.teampotato.redirector.Redirector/]: Redirecting vazkii/botania/api/block/PetalApothecary$State
[19Oct2024 01:25:25.307] [main/INFO] [com.teampotato.redirector.Redirector/]: Redirecting vazkii/botania/common/block/PetalApothecaryBlock$Variant
[19Oct2024 01:25:25.326] [main/INFO] [com.teampotato.redirector.Redirector/]: Redirecting vazkii/botania/common/block/mana/ManaSpreaderBlock$Variant
[19Oct2024 01:25:25.331] [main/INFO] [com.teampotato.redirector.Redirector/]: Redirecting vazkii/botania/api/state/BotaniaStateProperties$OptionalDyeColor
[19Oct2024 01:25:25.336] [main/INFO] [com.teampotato.redirector.Redirector/]: Redirecting vazkii/botania/api/state/enums/AlfheimPortalState
[19Oct2024 01:25:25.339] [main/INFO] [com.teampotato.redirector.Redirector/]: Redirecting vazkii/botania/api/state/enums/CraftyCratePattern
[19Oct2024 01:25:25.348] [main/INFO] [com.teampotato.redirector.Redirector/]: Redirecting vazkii/botania/common/block/mana/ManaPoolBlock$Variant
[19Oct2024 01:25:25.376] [main/INFO] [com.teampotato.redirector.Redirector/]: Redirecting vazkii/botania/common/block/PylonBlock$Variant
[19Oct2024 01:25:25.386] [main/INFO] [com.teampotato.redirector.Redirector/]: Redirecting vazkii/botania/common/block/mana/DrumBlock$Variant
[19Oct2024 01:25:25.413] [main/INFO] [com.teampotato.redirector.Redirector/]: Redirecting vazkii/botania/common/block/PlatformBlock$Variant
[19Oct2024 01:25:25.459] [main/INFO] [com.teampotato.redirector.Redirector/]: Redirecting vazkii/botania/api/state/enums/LuminizerVariant
[19Oct2024 01:25:25.486] [main/INFO] [com.teampotato.redirector.Redirector/]: Redirecting vazkii/botania/common/block/BotaniaGrassBlock$Variant
[19Oct2024 01:25:25.858] [main/INFO] [com.teampotato.redirector.Redirector/]: Redirecting rbasamoyai/createbigcannons/cannons/big_cannons/material/BigCannonMaterialProperties$FailureMode
[19Oct2024 01:25:25.897] [main/INFO] [com.teampotato.redirector.Redirector/]: Redirecting rbasamoyai/createbigcannons/cannons/big_cannons/cannon_end/BigCannonEnd
[19Oct2024 01:25:25.917] [main/INFO] [com.teampotato.redirector.Redirector/]: Redirecting rbasamoyai/createbigcannons/cannons/autocannon/AutocannonBarrelBlock$AutocannonBarrelEnd
[19Oct2024 01:25:25.985] [main/INFO] [com.teampotato.redirector.Redirector/]: Redirecting com/simibubi/create/content/contraptions/piston/MechanicalPistonBlock$PistonState
[19Oct2024 01:25:26.006] [main/INFO] [com.teampotato.redirector.Redirector/]: Redirecting rbasamoyai/createbigcannons/crafting/builtup/CannonBuilderBlock$BuilderState
[19Oct2024 01:25:26.024] [main/INFO] [com.teampotato.redirector.Redirector/]: Redirecting rbasamoyai/createbigcannons/munitions/autocannon/ammo_container/AutocannonAmmoContainerBlock$State
[19Oct2024 01:25:26.060] [main/INFO] [com.teampotato.redirector.Redirector/]: Redirecting com/lion/graveyard/blockentities/enums/SarcophagusPart
[19Oct2024 01:25:26.282] [main/INFO] [com.teampotato.redirector.Redirector/]: Redirecting com/mrbysco/oreberriesreplanted/block/OreEnum
[19Oct2024 01:25:26.352] [main/INFO] [com.teampotato.redirector.Redirector/]: Redirecting com/tom/createores/block/MultiblockPart$MultiblockMainPart$MultiblockPartType
[19Oct2024 01:25:26.355] [main/INFO] [com.teampotato.redirector.Redirector/]: Redirecting com/tom/createores/util/IOBlockType
[19Oct2024 01:25:26.387] [main/INFO] [com.teampotato.redirector.Redirector/]: Redirecting com/epherical/croptopia/register/TagCategory
[19Oct2024 01:25:26.417] [main/INFO] [com.teampotato.redirector.Redirector/]: Redirecting com/epherical/croptopia/register/helpers/VanillaCrops
[19Oct2024 01:25:26.519] [main/INFO] [com.teampotato.redirector.Redirector/]: Redirecting net/geforcemods/securitycraft/blocks/KeypadBarrelBlock$LidFacing
[19Oct2024 01:25:26.761] [main/INFO] [com.teampotato.redirector.Redirector/]: Redirecting se/mickelus/tetra/blocks/scroll/ScrollBlock$Arrangement
[19Oct2024 01:25:26.774] [main/INFO] [com.teampotato.redirector.Redirector/]: Redirecting se/mickelus/tetra/blocks/forged/transfer/EnumTransferConfig
[19Oct2024 01:25:26.776] [main/INFO] [com.teampotato.redirector.Redirector/]: Redirecting se/mickelus/tetra/blocks/forged/transfer/EnumTransferState
[19Oct2024 01:25:26.896] [main/INFO] [com.teampotato.redirector.Redirector/]: Redirecting org/valkyrienskies/eureka/block/WoodType
[19Oct2024 01:25:27.106] [main/INFO] [com.teampotato.redirector.Redirector/]: Redirecting mods/railcraft/world/level/block/AbstractStrengthenedGlassBlock$Type
[19Oct2024 01:25:27.128] [main/INFO] [com.teampotato.redirector.Redirector/]: Redirecting mods/railcraft/world/level/block/post/Column
[19Oct2024 01:25:27.130] [main/INFO] [com.teampotato.redirector.Redirector/]: Redirecting mods/railcraft/world/level/block/post/Connection
[19Oct2024 01:25:27.558] [main/INFO] [com.teampotato.redirector.Redirector/]: Redirecting mods/railcraft/world/level/block/steamboiler/SteamBoilerTankBlock$ConnectionType
[19Oct2024 01:25:27.567] [main/INFO] [com.teampotato.redirector.Redirector/]: Redirecting mods/railcraft/world/level/block/SteamTurbineBlock$Type
[19Oct2024 01:25:27.569] [main/INFO] [com.teampotato.redirector.Redirector/]: Redirecting mods/railcraft/api/charge/ChargeBlock$ConnectType
[19Oct2024 01:25:27.572] [main/INFO] [com.teampotato.redirector.Redirector/]: Redirecting mods/railcraft/api/charge/ChargeStorage$State
[19Oct2024 01:25:27.651] [main/INFO] [com.teampotato.redirector.Redirector/]: Redirecting mods/railcraft/api/track/ArrowDirection
[19Oct2024 01:25:27.728] [main/INFO] [com.teampotato.redirector.Redirector/]: Redirecting mods/railcraft/world/level/block/track/outfitted/LockingMode
[19Oct2024 01:25:27.731] [main/INFO] [com.teampotato.redirector.Redirector/]: Redirecting mods/railcraft/world/level/block/track/outfitted/LockingMode$LockType
[19Oct2024 01:25:27.739] [main/INFO] [com.teampotato.redirector.Redirector/]: Redirecting mods/railcraft/world/level/block/track/outfitted/DetectorTrackBlock$Mode
[19Oct2024 01:25:27.746] [main/INFO] [com.teampotato.redirector.Redirector/]: Redirecting mods/railcraft/world/level/block/entity/track/CouplerTrackBlockEntity$Mode
[19Oct2024 01:25:27.813] [main/INFO] [com.teampotato.redirector.Redirector/]: Redirecting mods/railcraft/world/level/block/CrusherMultiblockBlock$Type
[19Oct2024 01:25:27.819] [main/INFO] [com.teampotato.redirector.Redirector/]: Redirecting mods/railcraft/world/level/block/SteamOvenBlock$Type
[19Oct2024 01:25:27.844] [main/INFO] [com.teampotato.redirector.Redirector/]: Redirecting com/railwayteam/railways/content/coupling/coupler/TrackCouplerBlockEntity$AllowedOperationMode
[19Oct2024 01:25:27.895] [main/INFO] [com.teampotato.redirector.Redirector/]: Redirecting com/railwayteam/railways/content/buffer/StandardTrackBufferBlock$Style
[19Oct2024 01:25:27.899] [main/INFO] [com.teampotato.redirector.Redirector/]: Redirecting com/railwayteam/railways/content/buffer/NarrowTrackBufferBlock$Style
[19Oct2024 01:25:27.902] [main/INFO] [com.teampotato.redirector.Redirector/]: Redirecting com/railwayteam/railways/content/buffer/MonoTrackBufferBlock$Style
[19Oct2024 01:25:27.910] [main/INFO] [com.teampotato.redirector.Redirector/]: Redirecting com/railwayteam/railways/content/fuel/tank/FuelTankBlock$Shape
[19Oct2024 01:25:27.919] [main/INFO] [com.teampotato.redirector.Redirector/]: Redirecting com/railwayteam/railways/content/palettes/boiler/BoilerBlock$Style
[19Oct2024 01:25:27.996] [main/INFO] [com.teampotato.redirector.Redirector/]: Redirecting com/endertech/minecraft/mods/adpother/blocks/Pollutant$Density
[19Oct2024 01:25:27.999] [main/INFO] [com.teampotato.redirector.Redirector/]: Redirecting com/endertech/minecraft/mods/adpother/pollution/ChunkPollution$Influence
[19Oct2024 01:25:28.012] [main/INFO] [com.teampotato.redirector.Redirector/]: Redirecting com/endertech/minecraft/forge/world/Dimensions
[19Oct2024 01:25:28.046] [main/INFO] [com.teampotato.redirector.Redirector/]: Redirecting com/endertech/minecraft/mods/adpother/blocks/FilterFrame$Condition
[19Oct2024 01:25:28.120] [main/INFO] [com.teampotato.redirector.Redirector/]: Redirecting twilightforest/enums/FireJetVariant
[19Oct2024 01:25:28.130] [main/INFO] [com.teampotato.redirector.Redirector/]: Redirecting twilightforest/enums/HugeLilypadPiece
[19Oct2024 01:25:28.134] [main/INFO] [com.teampotato.redirector.Redirector/]: Redirecting twilightforest/enums/NagastoneVariant
[19Oct2024 01:25:28.137] [main/INFO] [com.teampotato.redirector.Redirector/]: Redirecting twilightforest/enums/Diagonals
[19Oct2024 01:25:28.151] [main/INFO] [com.teampotato.redirector.Redirector/]: Redirecting twilightforest/enums/BlockLoggingEnum
[19Oct2024 01:25:28.158] [main/INFO] [com.teampotato.redirector.Redirector/]: Redirecting twilightforest/block/LightableBlock$Lighting
[19Oct2024 01:25:28.167] [main/INFO] [com.teampotato.redirector.Redirector/]: Redirecting twilightforest/block/WroughtIronFenceBlock$PostState
[19Oct2024 01:25:28.169] [main/INFO] [com.teampotato.redirector.Redirector/]: Redirecting twilightforest/block/WroughtIronFenceBlock$FenceSide
[19Oct2024 01:25:28.187] [main/INFO] [com.teampotato.redirector.Redirector/]: Redirecting twilightforest/enums/TowerDeviceVariant
[19Oct2024 01:25:28.223] [main/INFO] [com.teampotato.redirector.Redirector/]: Redirecting twilightforest/enums/BossVariant
[19Oct2024 01:25:28.225] [main/INFO] [com.teampotato.redirector.Redirector/]: Redirecting twilightforest/enums/BossVariant$TrophyType
[19Oct2024 01:25:28.233] [main/INFO] [com.teampotato.redirector.Redirector/]: Redirecting twilightforest/enums/BanisterShape
[19Oct2024 01:25:28.239] [main/INFO] [com.teampotato.redirector.Redirector/]: Redirecting twilightforest/enums/HollowLogVariants$Horizontal
[19Oct2024 01:25:28.244] [main/INFO] [com.teampotato.redirector.Redirector/]: Redirecting twilightforest/enums/HollowLogVariants$Climbable
[19Oct2024 01:25:28.311] [main/INFO] [com.teampotato.redirector.Redirector/]: Redirecting com/simibubi/create/content/kinetics/chainDrive/ChainDriveBlock$Part
[19Oct2024 01:25:28.315] [main/INFO] [com.teampotato.redirector.Redirector/]: Redirecting com/hlysine/create_connected/content/overstressclutch/OverstressClutchBlock$ClutchState
[19Oct2024 01:25:28.340] [main/INFO] [com.teampotato.redirector.Redirector/]: Redirecting com/hlysine/create_connected/content/fluidvessel/FluidVesselBlock$Shape
[19Oct2024 01:25:28.370] [main/INFO] [com.teampotato.redirector.Redirector/]: Redirecting vectorwing/farmersdelight/common/block/state/CookingPotSupport
[19Oct2024 01:25:28.421] [main/INFO] [com.teampotato.redirector.Redirector/]: Redirecting mod/alexndr/simplecorelib/api/content/MultifunctionPressurePlateBlock$Sensitivity
[19Oct2024 01:25:28.474] [main/INFO] [com.teampotato.redirector.Redirector/]: Redirecting com/oblivioussp/spartanweaponry/block/ExtendedSkullBlock$Types
[19Oct2024 01:25:28.532] [main/WARN] [dev.architectury.registry.registries.forge.RegistrarManagerImpl/]: Registry entry listened Registry Entry [minecraft:block / createchunkloading:chunk_loader] was not realized!
[19Oct2024 01:25:28.533] [main/WARN] [dev.architectury.registry.registries.forge.RegistrarManagerImpl/]: Registry entry listened Registry Entry [minecraft:block / createchunkloading:chunk_loader] was not realized!
[19Oct2024 01:25:28.551] [main/INFO] [com.teampotato.redirector.Redirector/]: Redirecting de/cristelknight/doapi/common/util/GeneralUtil$LineConnectingType
[19Oct2024 01:25:28.661] [main/WARN] [dev.architectury.registry.registries.forge.RegistrarManagerImpl/]: Registry entry listened Registry Entry [minecraft:block / createchunkloading:chunk_loader] was not realized!
[19Oct2024 01:25:28.688] [main/INFO] [com.teampotato.redirector.Redirector/]: Redirecting net/satisfy/farm_and_charm/block/SiloBlock$Shape
[19Oct2024 01:25:28.767] [main/INFO] [com.teampotato.redirector.Redirector/]: Redirecting net/satisfy/brewery/block/property/Liquid
[19Oct2024 01:25:28.769] [main/INFO] [com.teampotato.redirector.Redirector/]: Redirecting net/satisfy/brewery/block/property/Heat
[19Oct2024 01:25:28.812] [main/INFO] [com.teampotato.redirector.Redirector/]: Redirecting cy/jdkdigital/productivebees/state/properties/VerticalHive
[19Oct2024 01:25:28.850] [main/INFO] [com.teampotato.redirector.Redirector/]: Redirecting com/github/elenterius/biomancy/block/property/UserSensitivity
[19Oct2024 01:25:28.853] [main/INFO] [com.teampotato.redirector.Redirector/]: Redirecting com/github/elenterius/biomancy/block/property/Orientation
[19Oct2024 01:25:28.856] [main/INFO] [com.teampotato.redirector.Redirector/]: Redirecting com/github/elenterius/biomancy/block/property/DirectionalSlabType
[19Oct2024 01:25:28.859] [main/INFO] [com.teampotato.redirector.Redirector/]: Redirecting com/github/elenterius/biomancy/block/property/DirectedConnection
[19Oct2024 01:25:28.864] [main/INFO] [com.teampotato.redirector.Redirector/]: Redirecting com/github/elenterius/biomancy/block/property/VertexType
[19Oct2024 01:25:28.867] [main/INFO] [com.teampotato.redirector.Redirector/]: Redirecting com/github/elenterius/biomancy/block/property/MobSoundType
[19Oct2024 01:25:28.872] [main/INFO] [com.teampotato.redirector.Redirector/]: Redirecting com/github/elenterius/biomancy/util/VoxelShapeUtil$Rotation
[19Oct2024 01:25:28.997] [main/INFO] [com.teampotato.redirector.Redirector/]: Redirecting com/mrcrayfish/furniture/refurbished/client/FontIcons
[19Oct2024 01:25:29.057] [main/INFO] [com.teampotato.redirector.Redirector/]: Redirecting com/mrcrayfish/furniture/refurbished/block/KitchenCabinetryBlock$Shape
[19Oct2024 01:25:29.095] [main/INFO] [com.teampotato.redirector.Redirector/]: Redirecting com/mrcrayfish/furniture/refurbished/block/MetalType
[19Oct2024 01:25:29.125] [main/INFO] [com.teampotato.redirector.Redirector/]: Redirecting com/mrcrayfish/furniture/refurbished/block/TrampolineBlock$Shape
[19Oct2024 01:25:29.134] [main/INFO] [com.teampotato.redirector.Redirector/]: Redirecting com/mrcrayfish/furniture/refurbished/block/LeafType
[19Oct2024 01:25:29.143] [main/INFO] [com.teampotato.redirector.Redirector/]: Redirecting com/mrcrayfish/furniture/refurbished/block/StoneType
[19Oct2024 01:25:29.196] [main/INFO] [com.teampotato.redirector.Redirector/]: Redirecting com/mrcrayfish/furniture/refurbished/block/SofaBlock$Shape
[19Oct2024 01:25:29.252] [main/INFO] [com.teampotato.redirector.Redirector/]: Redirecting com/mrcrayfish/furniture/refurbished/block/BathBlock$Type
[19Oct2024 01:25:29.272] [main/INFO] [com.teampotato.redirector.Redirector/]: Redirecting com/sofodev/armorplus/registry/blocks/ore/Variant
[19Oct2024 01:25:29.304] [main/INFO] [com.teampotato.redirector.Redirector/]: Redirecting com/lothrazar/cyclic/block/spikes/EnumSpikeType
[19Oct2024 01:25:29.390] [main/INFO] [com.teampotato.redirector.Redirector/]: Redirecting com/lothrazar/cyclic/block/battery/EnumBatteryPercent
[19Oct2024 01:25:29.417] [main/INFO] [com.teampotato.redirector.Redirector/]: Redirecting com/lothrazar/cyclic/block/conveyor/ConveyorType
[19Oct2024 01:25:29.418] [main/INFO] [com.teampotato.redirector.Redirector/]: Redirecting com/lothrazar/cyclic/block/conveyor/ConveyorSpeed
[19Oct2024 01:25:29.472] [main/INFO] [com.teampotato.redirector.Redirector/]: Redirecting com/lothrazar/cyclic/block/cable/EnumConnectType
[19Oct2024 01:25:29.582] [main/INFO] [com.teampotato.redirector.Redirector/]: Redirecting com/simibubi/create/content/kinetics/belt/BeltSlope
[19Oct2024 01:25:29.584] [main/INFO] [com.teampotato.redirector.Redirector/]: Redirecting com/simibubi/create/content/kinetics/belt/BeltPart
[19Oct2024 01:25:29.597] [main/INFO] [com.teampotato.redirector.Redirector/]: Redirecting com/simibubi/create/content/processing/burner/LitBlazeBurnerBlock$FlameType
[19Oct2024 01:25:29.601] [main/INFO] [com.teampotato.redirector.Redirector/]: Redirecting com/simibubi/create/content/logistics/chute/ChuteBlock$Shape
[19Oct2024 01:25:29.607] [main/INFO] [com.teampotato.redirector.Redirector/]: Redirecting com/simibubi/create/content/kinetics/gauge/GaugeBlock$Type
[19Oct2024 01:25:29.610] [main/INFO] [com.teampotato.redirector.Redirector/]: Redirecting com/simibubi/create/content/decoration/bracket/BracketBlock$BracketType
[19Oct2024 01:25:29.629] [main/INFO] [com.teampotato.redirector.Redirector/]: Redirecting com/simibubi/create/content/decoration/steamWhistle/WhistleBlock$WhistleSize
[19Oct2024 01:25:29.632] [main/INFO] [com.teampotato.redirector.Redirector/]: Redirecting com/simibubi/create/content/decoration/steamWhistle/WhistleExtenderBlock$WhistleExtenderShape
[19Oct2024 01:25:29.640] [main/INFO] [com.teampotato.redirector.Redirector/]: Redirecting com/simibubi/create/content/kinetics/gantry/GantryShaftBlock$Part
[19Oct2024 01:25:29.649] [main/INFO] [com.teampotato.redirector.Redirector/]: Redirecting com/simibubi/create/content/contraptions/mounted/CartAssembleRailType
[19Oct2024 01:25:29.675] [main/INFO] [com.teampotato.redirector.Redirector/]: Redirecting com/simibubi/create/foundation/utility/Pointing
[19Oct2024 01:25:29.686] [main/INFO] [com.teampotato.redirector.Redirector/]: Redirecting com/simibubi/create/content/logistics/funnel/BeltFunnelBlock$Shape
[19Oct2024 01:25:29.690] [main/INFO] [com.teampotato.redirector.Redirector/]: Redirecting com/simibubi/create/content/logistics/tunnel/BeltTunnelBlock$Shape
[19Oct2024 01:25:29.699] [main/INFO] [com.teampotato.redirector.Redirector/]: Redirecting com/simibubi/create/content/redstone/nixieTube/DoubleFaceAttachedBlock$DoubleAttachFace
[19Oct2024 01:25:29.884] [main/INFO] [com.teampotato.redirector.Redirector/]: Redirecting org/valkyrienskies/clockwork/content/contraptions/propeller/PropellerBearingBlock$Direction
[19Oct2024 01:25:29.977] [main/INFO] [com.teampotato.redirector.Redirector/]: Redirecting com/drmangotea/tfmg/blocks/electricity/generation/large_generator/StatorBlock$StatorState
[19Oct2024 01:25:29.983] [main/INFO] [com.teampotato.redirector.Redirector/]: Redirecting com/drmangotea/tfmg/blocks/tanks/SteelTankBlock$Shape
[19Oct2024 01:25:29.997] [main/INFO] [com.teampotato.redirector.Redirector/]: Redirecting com/drmangotea/tfmg/blocks/machines/metal_processing/casting_basin/CastingBasinBlockEntity$MoldType
[19Oct2024 01:25:29.999] [main/INFO] [com.teampotato.redirector.Redirector/]: Redirecting com/drmangotea/tfmg/blocks/machines/metal_processing/coke_oven/CokeOvenBlock$ControllerType
[19Oct2024 01:25:30.130] [main/INFO] [com.teampotato.redirector.Redirector/]: Redirecting com/blakebr0/mysticalagriculture/util/FurnaceTier
[19Oct2024 01:25:30.170] [main/INFO] [com.teampotato.redirector.Redirector/]: Redirecting com/blakebr0/mysticalagriculture/api/lib/LazyIngredient$Type
[19Oct2024 01:25:30.364] [main/INFO] [com.teampotato.redirector.Redirector/]: Redirecting com/github/alexmodguy/alexscaves/server/block/TubeWormBlock$TubeShape
[19Oct2024 01:25:30.449] [main/INFO] [com.teampotato.redirector.Redirector/]: Redirecting appeng/api/storage/cells/CellState
[19Oct2024 01:25:30.453] [main/INFO] [com.teampotato.redirector.Redirector/]: Redirecting appeng/api/config/CopyMode
[19Oct2024 01:25:30.456] [main/INFO] [com.teampotato.redirector.Redirector/]: Redirecting appeng/api/config/FullnessMode
[19Oct2024 01:25:30.457] [main/INFO] [com.teampotato.redirector.Redirector/]: Redirecting appeng/api/config/OperationMode
[19Oct2024 01:25:30.466] [main/INFO] [com.teampotato.redirector.Redirector/]: Redirecting appeng/api/orientation/RelativeSide
[19Oct2024 01:25:30.523] [main/INFO] [com.teampotato.redirector.Redirector/]: Redirecting appeng/api/networking/crafting/CraftingSubmitErrorCode
[19Oct2024 01:25:30.533] [main/INFO] [com.teampotato.redirector.Redirector/]: Redirecting appeng/api/config/CpuSelectionMode
[19Oct2024 01:25:30.615] [main/INFO] [com.teampotato.redirector.Redirector/]: Redirecting appeng/recipes/handlers/InscriberProcessType
[19Oct2024 01:25:30.624] [main/INFO] [com.teampotato.redirector.Redirector/]: Redirecting appeng/recipes/entropy/EntropyMode
[19Oct2024 01:25:30.660] [main/INFO] [net.minecraftforge.coremod.CoreMod.apotheosis/COREMODLOG]: Replaced 1 calls to Enchantment#getMaxLevel() in net/minecraft/world/entity/npc/VillagerTrades$EnchantBookForEmeralds
[19Oct2024 01:25:30.660] [main/INFO] [net.minecraftforge.coremod.CoreMod.apotheosis/COREMODLOG]: Replaced 1 calls to Enchantment#isTreasureOnly() in net/minecraft/world/entity/npc/VillagerTrades$EnchantBookForEmeralds
[19Oct2024 01:25:30.661] [main/INFO] [net.minecraftforge.coremod.CoreMod.apotheosis/COREMODLOG]: Replaced 1 calls to Enchantment#isTradeable() in net/minecraft/world/entity/npc/VillagerTrades$EnchantBookForEmeralds
